STATE,STATENAME,ST_CASE,VE_TOTAL,VE_FORMS,PVH_INVL,PEDS,PERNOTMVIT,PERMVIT,PERSONS,COUNTY,COUNTYNAME,CITY,CITYNAME,DAY,DAYNAME,MONTH,MONTHNAME,YEAR,DAY_WEEK,DAY_WEEKNAME,HOUR,HOURNAME,MINUTE,MINUTENAME,NHS,NHSNAME,ROUTE,ROUTENAME,TWAY_ID,TWAY_ID2,RUR_URB,RUR_URBNAME,FUNC_SYS,FUNC_SYSNAME,RD_OWNER,RD_OWNERNAME,MILEPT,MILEPTNAME,LATITUDE,LATITUDENAME,LONGITUD,LONGITUDNAME,SP_JUR,SP_JURNAME,HARM_EV,HARM_EVNAME,MAN_COLL,MAN_COLLNAME,RELJCT1,RELJCT1NAME,RELJCT2,RELJCT2NAME,TYP_INT,TYP_INTNAME,WRK_ZONE,WRK_ZONENAME,REL_ROAD,REL_ROADNAME,LGT_COND,LGT_CONDNAME,WEATHER,WEATHERNAME,SCH_BUS,SCH_BUSNAME,RAIL,RAILNAME,NOT_HOUR,NOT_HOURNAME,NOT_MIN,NOT_MINNAME,ARR_HOUR,ARR_HOURNAME,ARR_MIN,ARR_MINNAME,HOSP_HR,HOSP_HRNAME,HOSP_MN,HOSP_MNNAME,FATALS,DRUNK_DR
41,Oregon,410073,1,1,0,0,0,1,1,15,CURRY (15),0,NOT APPLICABLE,17,17,2,February,2020,2,Monday,13,1:00pm-1:59pm,13,13,1,This section IS ON the NHS,2,U.S. Highway,US-101 ODOT 9,,1,Rural,3,Principal Arterial - Other,1,State Highway Agency,3229,3229,42.48058056,42.48058056,-124.41815278,-124.41815278,0,No Special Jurisdiction,42,Tree (Standing Only),0,The First Harmful Event was Not a Collision with a Motor Vehicle in Transport,0,No,1,Non-Junction,1,Not an Intersection,0,,4,On Roadside,9,Reported as Unknown,99,Reported as Unknown,0,No,0000000,Not Applicable,99,Unknown,99,Unknown,99,Unknown EMS Scene Arrival Hour,99,Unknown EMS Scene Arrival Minutes,88,Not Applicable (Not Transported),88,Not Applicable (Not Transported),1,1
41,Oregon,410074,2,2,0,0,0,3,3,51,MULTNOMAH (51),1650,PORTLAND,25,25,1,January,2020,7,Saturday,9,9:00am-9:59am,35,35,1,This section IS ON the NHS,3,State Highway,SR-30 ODOT 123,NE 105TH AVE,2,Urban,3,Principal Arterial - Other,1,State Highway Agency,116,116,45.55891667,45.55891667,-122.55471389,-122.55471389,0,No Special Jurisdiction,12,Motor Vehicle In-Transport,6,Angle,0,No,2,Intersection,2,Four-Way Intersection,0,,1,On Roadway,1,Daylight,10,Cloudy,0,No,0000000,Not Applicable,99,Unknown,99,Unknown,99,Unknown EMS Scene Arrival Hour,99,Unknown EMS Scene Arrival Minutes,88,Not Applicable (Not Transported),88,Not Applicable (Not Transported),1,1
41,Oregon,410075,1,1,0,0,0,1,1,19,DOUGLAS (19),0,NOT APPLICABLE,29,29,1,January,2020,4,Wednesday,15,3:00pm-3:59pm,55,55,1,This section IS ON the NHS,2,U.S. Highway,US-101 ODOT 9,,1,Rural,3,Principal Arterial - Other,1,State Highway Agency,2067,2067,43.76181944,43.76181944,-124.12396944,-124.12396944,0,No Special Jurisdiction,35,Embankment,0,The First Harmful Event was Not a Collision with a Motor Vehicle in Transport,0,No,1,Non-Junction,1,Not an Intersection,0,,4,On Roadside,1,Daylight,2,Rain,0,No,0000000,Not Applicable,15,3:00pm-3:59pm,56,56,16,4:00pm-4:59pm,4,4,99,Unknown,99,Unknown EMS Hospital Arrival Time,1,0
41,Oregon,410076,2,2,0,0,0,3,3,7,CLATSOP (7),0,NOT APPLICABLE,22,22,2,February,2020,7,Saturday,6,6:00am-6:59am,29,29,1,This section IS ON the NHS,2,U.S. Highway,US-30 ODOT 92,CR-OLD HWY 30,1,Rural,3,Principal Arterial - Other,1,State Highway Agency,820,820,46.16252778,46.16252778,-123.64751667,-123.64751667,0,No Special Jurisdiction,12,Motor Vehicle In-Transport,6,Angle,0,No,2,Intersection,3,T-Intersection,0,,1,On Roadway,3,Dark - Lighted,2,Rain,0,No,0000000,Not Applicable,6,6:00am-6:59am,4,4,6,6:00am-6:59am,36,36,88,Not Applicable (Not Transported),88,Not Applicable (Not Transported),1,0
41,Oregon,410077,1,1,0,0,0,1,1,29,JACKSON (29),0,NOT APPLICABLE,23,23,2,February,2020,1,Sunday,10,10:00am-10:59am,35,35,1,This section IS ON the NHS,1,Interstate,I-5,,2,Urban,1,Interstate,1,State Highway Agency,230,230,42.256225,42.256225,-122.78695,-122.78695,0,No Special Jurisdiction,1,Rollover/Overturn,0,The First Harmful Event was Not a Collision with a Motor Vehicle in Transport,0,No,1,Non-Junction,1,Not an Intersection,0,,1,On Roadway,1,Daylight,1,Clear,0,No,0000000,Not Applicable,10,10:00am-10:59am,39,39,10,10:00am-10:59am,45,45,88,Not Applicable (Not Transported),88,Not Applicable (Not Transported),1,0
41,Oregon,410078,1,1,0,1,1,1,1,17,DESCHUTES (17),0,NOT APPLICABLE,29,29,2,February,2020,7,Saturday,5,5:00am-5:59am,20,20,1,This section IS ON the NHS,2,U.S. Highway,US-20 ODOT 16,,1,Rural,3,Principal Arterial - Other,1,State Highway Agency,970,970,44.29439444,44.29439444,-121.558475,-121.558475,0,No Special Jurisdiction,8,Pedestrian,0,The First Harmful Event was Not a Collision with a Motor Vehicle in Transport,0,No,1,Non-Junction,1,Not an Intersection,0,,1,On Roadway,2,Dark - Not Lighted,10,Cloudy,0,No,0000000,Not Applicable,5,5:00am-5:59am,20,20,5,5:00am-5:59am,35,35,88,Not Applicable (Not Transported),88,Not Applicable (Not Transported),1,0
41,Oregon,410079,2,2,0,0,0,3,3,51,MULTNOMAH (51),1650,PORTLAND,29,29,2,February,2020,7,Saturday,18,6:00pm-6:59pm,20,20,1,This section IS ON the NHS,2,U.S. Highway,US-26 ODOT 26,SE 34TH AVE,2,Urban,3,Principal Arterial - Other,1,State Highway Agency,25,25,45.49683889,45.49683889,-122.6293,-122.6293,0,No Special Jurisdiction,12,Motor Vehicle In-Transport,6,Angle,0,No,2,Intersection,2,Four-Way Intersection,0,,1,On Roadway,3,Dark - Lighted,1,Clear,0,No,0000000,Not Applicable,18,6:00pm-6:59pm,19,19,18,6:00pm-6:59pm,21,21,88,Not Applicable (Not Transported),88,Not Applicable (Not Transported),1,0
41,Oregon,410080,1,1,0,0,0,1,1,17,DESCHUTES (17),0,NOT APPLICABLE,2,2,2,February,2020,1,Sunday,21,9:00pm-9:59pm,44,44,0,This section IS NOT on the NHS,4,County Road,CR-ALFALFA MARKET RD,,1,Rural,5,Major Collector,2,County Highway Agency,0,,44.07040833,44.07040833,-121.06754167,-121.06754167,0,No Special Jurisdiction,1,Rollover/Overturn,0,The First Harmful Event was Not a Collision with a Motor Vehicle in Transport,0,No,1,Non-Junction,1,Not an Intersection,0,,1,On Roadway,2,Dark - Not Lighted,10,Cloudy,0,No,0000000,Not Applicable,21,9:00pm-9:59pm,44,44,21,9:00pm-9:59pm,53,53,88,Not Applicable (Not Transported),88,Not Applicable (Not Transported),1,1
41,Oregon,410081,2,2,0,0,0,2,2,67,WASHINGTON (67),0,NOT APPLICABLE,5,5,2,February,2020,4,Wednesday,17,5:00pm-5:59pm,16,16,0,This section IS NOT on the NHS,4,County Road,CR-SW SCHOLLS FERRY RD,,1,Rural,4,Minor Arterial,2,County Highway Agency,0,,45.41869444,45.41869444,-122.88620556,-122.88620556,0,No Special Jurisdiction,12,Motor Vehicle In-Transport,6,Angle,0,No,1,Non-Junction,1,Not an Intersection,0,,1,On Roadway,5,Dusk,10,Cloudy,0,No,0000000,Not Applicable,17,5:00pm-5:59pm,20,20,17,5:00pm-5:59pm,30,30,99,Unknown,99,Unknown EMS Hospital Arrival Time,1,1
41,Oregon,410082,1,1,0,1,1,1,1,39,LANE (39),660,EUGENE,4,4,2,February,2020,3,Tuesday,20,8:00pm-8:59pm,42,42,1,This section IS ON the NHS,1,Interstate,I-105,,2,Urban,1,Interstate,1,State Highway Agency,21,21,44.06192222,44.06192222,-123.08184722,-123.08184722,0,No Special Jurisdiction,8,Pedestrian,0,The First Harmful Event was Not a Collision with a Motor Vehicle in Transport,0,No,1,Non-Junction,1,Not an Intersection,0,,1,On Roadway,2,Dark - Not Lighted,1,Clear,0,No,0000000,Not Applicable,20,8:00pm-8:59pm,48,48,20,8:00pm-8:59pm,55,55,88,Not Applicable (Not Transported),88,Not Applicable (Not Transported),1,0
41,Oregon,410083,2,2,0,0,0,2,2,7,CLATSOP (7),0,NOT APPLICABLE,6,6,2,February,2020,5,Thursday,11,11:00am-11:59am,18,18,1,This section IS ON the NHS,2,U.S. Highway,US-30 ODOT 92,,1,Rural,3,Principal Arterial - Other,1,State Highway Agency,921,921,46.16539722,46.16539722,-123.74684167,-123.74684167,0,No Special Jurisdiction,12,Motor Vehicle In-Transport,2,Front-to-Front,0,No,1,Non-Junction,1,Not an Intersection,0,,1,On Roadway,1,Daylight,2,Rain,0,No,0000000,Not Applicable,11,11:00am-11:59am,18,18,11,11:00am-11:59am,18,18,88,Not Applicable (Not Transported),88,Not Applicable (Not Transported),1,0
41,Oregon,410084,1,1,0,0,0,2,2,39,LANE (39),0,NOT APPLICABLE,8,8,2,February,2020,7,Saturday,15,3:00pm-3:59pm,0,0,0,This section IS NOT on the NHS,4,County Road,CR-PENGRA RD,,1,Rural,5,Major Collector,2,County Highway Agency,0,,43.957125,43.957125,-122.84282222,-122.84282222,0,No Special Jurisdiction,42,Tree (Standing Only),0,The First Harmful Event was Not a Collision with a Motor Vehicle in Transport,0,No,1,Non-Junction,1,Not an Intersection,0,,4,On Roadside,1,Daylight,2,Rain,0,No,0000000,Not Applicable,15,3:00pm-3:59pm,0,0,15,3:00pm-3:59pm,19,19,88,Not Applicable (Not Transported),88,Not Applicable (Not Transported),2,1
41,Oregon,410085,1,1,0,0,0,1,1,69,WHEELER (69),0,NOT APPLICABLE,10,10,6,June,2020,4,Wednesday,15,3:00pm-3:59pm,46,46,0,This section IS NOT on the NHS,3,State Highway,SR-207 ODOT 390,,1,Rural,5,Major Collector,1,State Highway Agency,189,189,44.62358333,44.62358333,-120.11650556,-120.11650556,0,No Special Jurisdiction,35,Embankment,0,The First Harmful Event was Not a Collision with a Motor Vehicle in Transport,0,No,1,Non-Junction,1,Not an Intersection,0,,4,On Roadside,1,Daylight,1,Clear,0,No,0000000,Not Applicable,15,3:00pm-3:59pm,52,52,16,4:00pm-4:59pm,35,35,88,Not Applicable (Not Transported),88,Not Applicable (Not Transported),1,0
41,Oregon,410086,2,2,0,0,0,3,3,65,WASCO (65),0,NOT APPLICABLE,29,29,6,June,2020,2,Monday,11,11:00am-11:59am,40,40,1,This section IS ON the NHS,2,U.S. Highway,US-26 ODOT 53,,1,Rural,3,Principal Arterial - Other,1,State Highway Agency,853,853,44.96867778,44.96867778,-121.46936111,-121.46936111,0,No Special Jurisdiction,12,Motor Vehicle In-Transport,2,Front-to-Front,0,No,1,Non-Junction,1,Not an Intersection,0,,1,On Roadway,1,Daylight,1,Clear,0,No,0000000,Not Applicable,11,11:00am-11:59am,41,41,11,11:00am-11:59am,50,50,99,Unknown,99,Unknown EMS Hospital Arrival Time,1,0
41,Oregon,410087,2,2,0,0,0,4,4,11,COOS (11),400,COQUILLE,29,29,2,February,2020,7,Saturday,17,5:00pm-5:59pm,54,54,1,This section IS ON the NHS,3,State Highway,SR-42 ODOT 35,,1,Rural,3,Principal Arterial - Other,1,State Highway Agency,99,99,43.18363611,43.18363611,-124.20961667,-124.20961667,0,No Special Jurisdiction,12,Motor Vehicle In-Transport,2,Front-to-Front,0,No,1,Non-Junction,1,Not an Intersection,0,,1,On Roadway,5,Dusk,1,Clear,0,No,0000000,Not Applicable,17,5:00pm-5:59pm,54,54,18,6:00pm-6:59pm,0,0,99,Unknown,99,Unknown EMS Hospital Arrival Time,1,0
41,Oregon,410088,5,5,0,0,0,8,8,45,MALHEUR (45),0,NOT APPLICABLE,19,19,6,June,2020,6,Friday,15,3:00pm-3:59pm,15,15,1,This section IS ON the NHS,2,U.S. Highway,US-95 ODOT 456,,1,Rural,3,Principal Arterial - Other,1,State Highway Agency,1156,1156,42.08071667,42.08071667,-117.73423333,-117.73423333,0,No Special Jurisdiction,12,Motor Vehicle In-Transport,6,Angle,0,No,1,Non-Junction,1,Not an Intersection,0,,1,On Roadway,1,Daylight,1,Clear,0,No,0000000,Not Applicable,15,3:00pm-3:59pm,30,30,15,3:00pm-3:59pm,54,54,88,Not Applicable (Not Transported),88,Not Applicable (Not Transported),2,0
41,Oregon,410089,2,2,0,0,0,3,3,65,WASCO (65),0,NOT APPLICABLE,4,4,7,July,2020,7,Saturday,14,2:00pm-2:59pm,32,32,0,This section IS NOT on the NHS,2,U.S. Highway,US-197 ODOT 4,CR-JUNIPER FLAT RD,1,Rural,4,Minor Arterial,1,State Highway Agency,375,375,45.21885833,45.21885833,-121.12335,-121.12335,0,No Special Jurisdiction,12,Motor Vehicle In-Transport,1,Front-to-Rear,0,No,3,Intersection-Related,3,T-Intersection,0,,1,On Roadway,1,Daylight,1,Clear,0,No,0000000,Not Applicable,14,2:00pm-2:59pm,32,32,14,2:00pm-2:59pm,38,38,88,Not Applicable (Not Transported),88,Not Applicable (Not Transported),1,0
41,Oregon,410090,1,1,0,0,0,1,1,3,BENTON (3),0,NOT APPLICABLE,6,6,7,July,2020,2,Monday,14,2:00pm-2:59pm,0,0,0,This section IS NOT on the NHS,4,County Road,CR-LLEWELLYN RD,,1,Rural,5,Major Collector,2,County Highway Agency,10,10,44.47730556,44.47730556,-123.28574167,-123.28574167,0,No Special Jurisdiction,1,Rollover/Overturn,0,The First Harmful Event was Not a Collision with a Motor Vehicle in Transport,0,No,1,Non-Junction,1,Not an Intersection,0,,4,On Roadside,1,Daylight,1,Clear,0,No,0000000,Not Applicable,14,2:00pm-2:59pm,5,5,99,Unknown EMS Scene Arrival Hour,99,Unknown EMS Scene Arrival Minutes,88,Not Applicable (Not Transported),88,Not Applicable (Not Transported),1,0
41,Oregon,410091,2,1,1,0,1,1,2,5,CLACKAMAS (5),0,NOT APPLICABLE,29,29,2,February,2020,7,Saturday,23,11:00pm-11:59pm,20,20,0,This section IS NOT on the NHS,3,State Highway,SR-43 ODOT 3,,2,Urban,4,Minor Arterial,1,State Highway Agency,53,53,45.42955556,45.42955556,-122.65744167,-122.65744167,0,No Special Jurisdiction,14,Parked Motor Vehicle,0,The First Harmful Event was Not a Collision with a Motor Vehicle in Transport,0,No,1,Non-Junction,1,Not an Intersection,0,,2,On Shoulder,2,Dark - Not Lighted,98,Not Reported,0,No,0000000,Not Applicable,99,Unknown,99,Unknown,99,Unknown EMS Scene Arrival Hour,99,Unknown EMS Scene Arrival Minutes,99,Unknown,99,Unknown EMS Hospital Arrival Time,1,1
41,Oregon,410092,1,1,0,1,1,1,1,47,MARION (47),0,NOT APPLICABLE,10,10,4,April,2020,6,Friday,23,11:00pm-11:59pm,43,43,1,This section IS ON the NHS,1,Interstate,I-5,,1,Rural,1,Interstate,1,State Highway Agency,2644,2644,45.06233889,45.06233889,-122.96561667,-122.96561667,0,No Special Jurisdiction,8,Pedestrian,0,The First Harmful Event was Not a Collision with a Motor Vehicle in Transport,0,No,1,Non-Junction,1,Not an Intersection,0,,1,On Roadway,2,Dark - Not Lighted,1,Clear,0,No,0000000,Not Applicable,11,11:00am-11:59am,43,43,11,11:00am-11:59am,48,48,99,Unknown,99,Unknown EMS Hospital Arrival Time,1,0
41,Oregon,410093,1,1,0,0,0,1,1,29,JACKSON (29),0,NOT APPLICABLE,18,18,5,May,2020,2,Monday,10,10:00am-10:59am,0,0,0,This section IS NOT on the NHS,4,County Road,CR-STERLING CREEK RD,,1,Rural,6,Minor Collector,2,County Highway Agency,10,10,42.21206389,42.21206389,-122.95000278,-122.95000278,0,No Special Jurisdiction,42,Tree (Standing Only),0,The First Harmful Event was Not a Collision with a Motor Vehicle in Transport,0,No,1,Non-Junction,1,Not an Intersection,0,,4,On Roadside,1,Daylight,2,Rain,0,No,0000000,Not Applicable,99,Unknown,99,Unknown,99,Unknown EMS Scene Arrival Hour,99,Unknown EMS Scene Arrival Minutes,88,Not Applicable (Not Transported),88,Not Applicable (Not Transported),1,0
41,Oregon,410094,1,1,0,0,0,1,1,1,BAKER (1),0,NOT APPLICABLE,23,23,5,May,2020,7,Saturday,10,10:00am-10:59am,45,45,0,This section IS NOT on the NHS,4,County Road,CR-LOOKOUT MTN RD,,1,Rural,7,Local,2,County Highway Agency,0,,44.59306389,44.59306389,-117.26368611,-117.26368611,0,No Special Jurisdiction,1,Rollover/Overturn,0,The First Harmful Event was Not a Collision with a Motor Vehicle in Transport,0,No,1,Non-Junction,1,Not an Intersection,0,,4,On Roadside,1,Daylight,10,Cloudy,0,No,0000000,Not Applicable,10,10:00am-10:59am,53,53,11,11:00am-11:59am,36,36,88,Not Applicable (Not Transported),88,Not Applicable (Not Transported),1,0
41,Oregon,410095,2,2,0,0,0,2,2,9,COLUMBIA (9),0,NOT APPLICABLE,28,28,5,May,2020,5,Thursday,15,3:00pm-3:59pm,37,37,0,This section IS NOT on the NHS,4,County Road,CR-SCAPPOOSE VERNONIA HWY,,1,Rural,4,Minor Arterial,2,County Highway Agency,34,34,45.79932778,45.79932778,-122.92929444,-122.92929444,0,No Special Jurisdiction,12,Motor Vehicle In-Transport,2,Front-to-Front,0,No,1,Non-Junction,1,Not an Intersection,0,,1,On Roadway,1,Daylight,1,Clear,0,No,0000000,Not Applicable,15,3:00pm-3:59pm,37,37,15,3:00pm-3:59pm,42,42,99,Unknown,99,Unknown EMS Hospital Arrival Time,1,0
41,Oregon,410096,1,1,0,0,0,1,1,37,LAKE (37),0,NOT APPLICABLE,21,21,6,June,2020,1,Sunday,14,2:00pm-2:59pm,10,10,0,This section IS NOT on the NHS,4,County Road,CR-DOG LAKE LN,,1,Rural,5,Major Collector,2,County Highway Agency,80,80,42.12129444,42.12129444,-120.615425,-120.615425,0,No Special Jurisdiction,34,Ditch,0,The First Harmful Event was Not a Collision with a Motor Vehicle in Transport,0,No,1,Non-Junction,1,Not an Intersection,0,,4,On Roadside,1,Daylight,1,Clear,0,No,0000000,Not Applicable,99,Unknown,99,Unknown,99,Unknown EMS Scene Arrival Hour,99,Unknown EMS Scene Arrival Minutes,88,Not Applicable (Not Transported),88,Not Applicable (Not Transported),1,0
41,Oregon,410097,1,1,0,0,0,1,1,35,KLAMATH (35),1170,KLAMATH FALLS,2,2,7,July,2020,5,Thursday,3,3:00am-3:59am,54,54,1,This section IS ON the NHS,2,U.S. Highway,US-97B ODOT 50,,2,Urban,3,Principal Arterial - Other,3,Town or Township Highway Agency,53,53,42.23531389,42.23531389,-121.77758889,-121.77758889,0,No Special Jurisdiction,19,Building,0,The First Harmful Event was Not a Collision with a Motor Vehicle in Transport,0,No,1,Non-Junction,1,Not an Intersection,0,,5,Outside Trafficway,3,Dark - Lighted,1,Clear,0,No,0000000,Not Applicable,99,Unknown,99,Unknown,99,Unknown EMS Scene Arrival Hour,99,Unknown EMS Scene Arrival Minutes,88,Not Applicable (Not Transported),88,Not Applicable (Not Transported),1,0
41,Oregon,410098,1,1,0,0,0,1,1,5,CLACKAMAS (5),0,NOT APPLICABLE,5,5,7,July,2020,1,Sunday,22,10:00pm-10:59pm,20,20,0,This section IS NOT on the NHS,4,County Road,CR-S REDLAND RD,,1,Rural,4,Minor Arterial,2,County Highway Agency,11,11,45.29978889,45.29978889,-122.4044,-122.4044,0,No Special Jurisdiction,35,Embankment,0,The First Harmful Event was Not a Collision with a Motor Vehicle in Transport,0,No,1,Non-Junction,1,Not an Intersection,0,,4,On Roadside,2,Dark - Not Lighted,1,Clear,0,No,0000000,Not Applicable,99,Unknown,99,Unknown,99,Unknown EMS Scene Arrival Hour,99,Unknown EMS Scene Arrival Minutes,88,Not Applicable (Not Transported),88,Not Applicable (Not Transported),1,1
41,Oregon,410099,1,1,0,0,0,1,1,7,CLATSOP (7),0,NOT APPLICABLE,8,8,7,July,2020,4,Wednesday,99,Unknown Hours,99,Unknown Minutes,0,This section IS NOT on the NHS,4,County Road,CR-LEWIS AND CLARK RD,,1,Rural,5,Major Collector,4,City or Municipal Highway Agency,112,112,46.01042778,46.01042778,-123.87695833,-123.87695833,0,No Special Jurisdiction,34,Ditch,0,The First Harmful Event was Not a Collision with a Motor Vehicle in Transport,0,No,1,Non-Junction,1,Not an Intersection,0,,4,On Roadside,9,Reported as Unknown,1,Clear,0,No,0000000,Not Applicable,10,10:00am-10:59am,55,55,11,11:00am-11:59am,2,2,88,Not Applicable (Not Transported),88,Not Applicable (Not Transported),1,1
41,Oregon,410100,2,1,1,1,1,1,1,51,MULTNOMAH (51),880,GRESHAM,1,1,6,June,2020,2,Monday,12,12:00pm-12:59pm,31,31,1,This section IS ON the NHS,1,Interstate,I-84,,2,Urban,1,Interstate,1,State Highway Agency,126,126,45.54256111,45.54256111,-122.4889,-122.4889,0,No Special Jurisdiction,14,Parked Motor Vehicle,0,The First Harmful Event was Not a Collision with a Motor Vehicle in Transport,0,No,1,Non-Junction,1,Not an Intersection,0,,2,On Shoulder,1,Daylight,1,Clear,0,No,0000000,Not Applicable,12,12:00pm-12:59pm,26,26,12,12:00pm-12:59pm,34,34,99,Unknown,99,Unknown EMS Hospital Arrival Time,1,0
41,Oregon,410101,1,1,0,0,0,2,2,5,CLACKAMAS (5),0,NOT APPLICABLE,5,5,6,June,2020,6,Friday,17,5:00pm-5:59pm,50,50,0,This section IS NOT on the NHS,3,State Highway,SR-224 ODOT 171,,1,Rural,5,Major Collector,1,State Highway Agency,256,256,45.26572222,45.26572222,-122.30234444,-122.30234444,0,No Special Jurisdiction,34,Ditch,0,The First Harmful Event was Not a Collision with a Motor Vehicle in Transport,0,No,1,Non-Junction,1,Not an Intersection,0,,4,On Roadside,1,Daylight,10,Cloudy,0,No,0000000,Not Applicable,17,5:00pm-5:59pm,50,50,17,5:00pm-5:59pm,55,55,88,Not Applicable (Not Transported),88,Not Applicable (Not Transported),2,1
41,Oregon,410102,1,1,0,0,0,6,6,71,YAMHILL (71),0,NOT APPLICABLE,14,14,6,June,2020,1,Sunday,4,4:00am-4:59am,30,30,0,This section IS NOT on the NHS,4,County Road,CR-WILLAMINA CREEK RD,,1,Rural,7,Local,2,County Highway Agency,27,27,45.18879167,45.18879167,-123.51178056,-123.51178056,0,No Special Jurisdiction,34,Ditch,0,The First Harmful Event was Not a Collision with a Motor Vehicle in Transport,0,No,1,Non-Junction,1,Not an Intersection,0,,4,On Roadside,2,Dark - Not Lighted,1,Clear,0,No,0000000,Not Applicable,6,6:00am-6:59am,19,19,6,6:00am-6:59am,28,28,99,Unknown,99,Unknown EMS Hospital Arrival Time,2,1
41,Oregon,410103,1,1,0,0,0,1,1,67,WASHINGTON (67),0,NOT APPLICABLE,20,20,6,June,2020,7,Saturday,3,3:00am-3:59am,10,10,0,This section IS NOT on the NHS,4,County Road,CR-NW LONG RD,,1,Rural,7,Local,2,County Highway Agency,0,,45.54024444,45.54024444,-123.05106111,-123.05106111,0,No Special Jurisdiction,34,Ditch,0,The First Harmful Event was Not a Collision with a Motor Vehicle in Transport,0,No,1,Non-Junction,1,Not an Intersection,0,,4,On Roadside,2,Dark - Not Lighted,10,Cloudy,0,No,0000000,Not Applicable,3,3:00am-3:59am,23,23,3,3:00am-3:59am,30,30,88,Not Applicable (Not Transported),88,Not Applicable (Not Transported),1,1
41,Oregon,410104,1,1,0,0,0,1,1,47,MARION (47),0,NOT APPLICABLE,19,19,6,June,2020,6,Friday,7,7:00am-7:59am,52,52,0,This section IS NOT on the NHS,4,County Road,CR-BISHOP RD SE,,1,Rural,7,Local,2,County Highway Agency,8,8,44.83116944,44.83116944,-122.85550833,-122.85550833,0,No Special Jurisdiction,38,Fence,0,The First Harmful Event was Not a Collision with a Motor Vehicle in Transport,0,No,1,Non-Junction,1,Not an Intersection,0,,4,On Roadside,1,Daylight,1,Clear,0,No,0000000,Not Applicable,7,7:00am-7:59am,53,53,8,8:00am-8:59am,8,8,88,Not Applicable (Not Transported),88,Not Applicable (Not Transported),1,0
41,Oregon,410105,1,1,0,0,0,2,2,41,LINCOLN (41),0,NOT APPLICABLE,26,26,6,June,2020,6,Friday,19,7:00pm-7:59pm,32,32,1,This section IS ON the NHS,2,U.S. Highway,US-101 ODOT 9,,1,Rural,3,Principal Arterial - Other,1,State Highway Agency,1521,1521,44.47844444,44.47844444,-124.079425,-124.079425,0,No Special Jurisdiction,42,Tree (Standing Only),0,The First Harmful Event was Not a Collision with a Motor Vehicle in Transport,0,No,1,Non-Junction,1,Not an Intersection,0,,4,On Roadside,1,Daylight,10,Cloudy,0,No,0000000,Not Applicable,19,7:00pm-7:59pm,32,32,19,7:00pm-7:59pm,34,34,99,Unknown,99,Unknown EMS Hospital Arrival Time,1,1
41,Oregon,410106,1,1,0,1,1,2,2,57,TILLAMOOK (57),0,NOT APPLICABLE,23,23,6,June,2020,3,Tuesday,13,1:00pm-1:59pm,3,3,1,This section IS ON the NHS,2,U.S. Highway,US-101 ODOT 9,CR-OLD PACIFIC HWY,1,Rural,3,Principal Arterial - Other,1,State Highway Agency,525,525,45.58803056,45.58803056,-123.94780833,-123.94780833,0,No Special Jurisdiction,8,Pedestrian,0,The First Harmful Event was Not a Collision with a Motor Vehicle in Transport,0,No,3,Intersection-Related,3,T-Intersection,0,,1,On Roadway,1,Daylight,1,Clear,0,No,0000000,Not Applicable,13,1:00pm-1:59pm,4,4,13,1:00pm-1:59pm,9,9,88,Not Applicable (Not Transported),88,Not Applicable (Not Transported),1,0
41,Oregon,410107,2,2,0,0,0,4,4,11,COOS (11),0,NOT APPLICABLE,5,5,3,March,2020,5,Thursday,14,2:00pm-2:59pm,17,17,1,This section IS ON the NHS,2,U.S. Highway,US-101 ODOT 9,CR-MILLINGTON FRONTAGE RD,2,Urban,3,Principal Arterial - Other,1,State Highway Agency,2407,2407,43.32886111,43.32886111,-124.20138333,-124.20138333,0,No Special Jurisdiction,12,Motor Vehicle In-Transport,6,Angle,0,No,2,Intersection,3,T-Intersection,0,,1,On Roadway,1,Daylight,1,Clear,0,No,0000000,Not Applicable,2,2:00am-2:59am,19,19,2,2:00am-2:59am,23,23,99,Unknown,99,Unknown EMS Hospital Arrival Time,1,0
41,Oregon,410108,1,1,0,0,0,2,2,17,DESCHUTES (17),0,NOT APPLICABLE,11,11,3,March,2020,4,Wednesday,18,6:00pm-6:59pm,45,45,0,This section IS NOT on the NHS,4,County Road,CR-LOWER BRIDGE WAY,,1,Rural,5,Major Collector,2,County Highway Agency,99998,Not Reported,44.36339722,44.36339722,-121.20401944,-121.20401944,0,No Special Jurisdiction,42,Tree (Standing Only),0,The First Harmful Event was Not a Collision with a Motor Vehicle in Transport,0,No,1,Non-Junction,1,Not an Intersection,0,,4,On Roadside,1,Daylight,1,Clear,0,No,0000000,Not Applicable,99,Unknown,99,Unknown,99,Unknown EMS Scene Arrival Hour,99,Unknown EMS Scene Arrival Minutes,99,Unknown,99,Unknown EMS Hospital Arrival Time,1,1