STATE,STATENAME,ST_CASE,VE_TOTAL,VE_FORMS,PVH_INVL,PEDS,PERNOTMVIT,PERMVIT,PERSONS,COUNTY,COUNTYNAME,CITY,CITYNAME,DAY,DAYNAME,MONTH,MONTHNAME,YEAR,DAY_WEEK,DAY_WEEKNAME,HOUR,HOURNAME,MINUTE,MINUTENAME,NHS,NHSNAME,ROUTE,ROUTENAME,TWAY_ID,TWAY_ID2,RUR_URB,RUR_URBNAME,FUNC_SYS,FUNC_SYSNAME,RD_OWNER,RD_OWNERNAME,MILEPT,MILEPTNAME,LATITUDE,LATITUDENAME,LONGITUD,LONGITUDNAME,SP_JUR,SP_JURNAME,HARM_EV,HARM_EVNAME,MAN_COLL,MAN_COLLNAME,RELJCT1,RELJCT1NAME,RELJCT2,RELJCT2NAME,TYP_INT,TYP_INTNAME,WRK_ZONE,WRK_ZONENAME,REL_ROAD,REL_ROADNAME,LGT_COND,LGT_CONDNAME,WEATHER,WEATHERNAME,SCH_BUS,SCH_BUSNAME,RAIL,RAILNAME,NOT_HOUR,NOT_HOURNAME,NOT_MIN,NOT_MINNAME,ARR_HOUR,ARR_HOURNAME,ARR_MIN,ARR_MINNAME,HOSP_HR,HOSP_HRNAME,HOSP_MN,HOSP_MNNAME,FATALS,DRUNK_DR
41,Oregon,410181,1,1,0,0,0,1,1,43,LINN (43),0,NOT APPLICABLE,20,20,9,September,2020,1,Sunday,7,7:00am-7:59am,10,10,1,This section IS ON the NHS,2,U.S. Highway,US-20 ODOT 16,,1,Rural,3,Principal Arterial - Other,1,State Highway Agency,669,669,44.40359444,44.40359444,-122.08025556,-122.08025556,0,No Special Jurisdiction,42,Tree (Standing Only),0,The First Harmful Event was Not a Collision with a Motor Vehicle in Transport,0,No,1,Non-Junction,1,Not an Intersection,0,,4,On Roadside,1,Daylight,1,Clear,0,No,0000000,Not Applicable,7,7:00am-7:59am,13,13,7,7:00am-7:59am,55,55,88,Not Applicable (Not Transported),88,Not Applicable (Not Transported),1,0
41,Oregon,410182,2,2,0,0,0,2,2,51,MULTNOMAH (51),1650,PORTLAND,22,22,9,September,2020,3,Tuesday,3,3:00am-3:59am,45,45,1,This section IS ON the NHS,1,Interstate,I-5,,2,Urban,1,Interstate,1,State Highway Agency,2947,2947,45.45088056,45.45088056,-122.72836667,-122.72836667,0,No Special Jurisdiction,12,Motor Vehicle In-Transport,2,Front-to-Front,0,No,1,Non-Junction,1,Not an Intersection,0,,1,On Roadway,3,Dark - Lighted,1,Clear,0,No,0000000,Not Applicable,99,Unknown,99,Unknown,99,Unknown EMS Scene Arrival Hour,99,Unknown EMS Scene Arrival Minutes,99,Unknown,99,Unknown EMS Hospital Arrival Time,1,1
41,Oregon,410183,3,3,0,0,0,6,6,17,DESCHUTES (17),0,NOT APPLICABLE,12,12,6,June,2020,6,Friday,15,3:00pm-3:59pm,30,30,1,This section IS ON the NHS,2,U.S. Highway,US-97 ODOT 4,,2,Urban,3,Principal Arterial - Other,1,State Highway Agency,1178,1178,44.31985556,44.31985556,-121.17222778,-121.17222778,0,No Special Jurisdiction,12,Motor Vehicle In-Transport,1,Front-to-Rear,0,No,1,Non-Junction,1,Not an Intersection,0,,1,On Roadway,1,Daylight,1,Clear,0,No,0000000,Not Applicable,15,3:00pm-3:59pm,30,30,15,3:00pm-3:59pm,35,35,99,Unknown,99,Unknown EMS Hospital Arrival Time,1,0
41,Oregon,410184,2,2,0,0,0,2,2,67,WASHINGTON (67),700,FOREST GROVE,12,12,7,July,2020,1,Sunday,18,6:00pm-6:59pm,0,0,1,This section IS ON the NHS,2,U.S. Highway,US-47 ODOT 29,MAPLE ST,2,Urban,3,Principal Arterial - Other,1,State Highway Agency,185,185,45.52010833,45.52010833,-123.09118889,-123.09118889,0,No Special Jurisdiction,12,Motor Vehicle In-Transport,6,Angle,0,No,2,Intersection,2,Four-Way Intersection,0,,1,On Roadway,1,Daylight,1,Clear,0,No,0000000,Not Applicable,18,6:00pm-6:59pm,7,7,18,6:00pm-6:59pm,9,9,88,Not Applicable (Not Transported),88,Not Applicable (Not Transported),1,0
41,Oregon,410185,1,1,0,0,0,1,1,19,DOUGLAS (19),1460,MYRTLE CREEK,17,17,7,July,2020,6,Friday,0,0:00am-0:59am,20,20,0,This section IS NOT on the NHS,6,Local Street - Municipality,MAIN AVE,,2,Urban,4,Minor Arterial,4,City or Municipal Highway Agency,0,,43.01355556,43.01355556,-123.29338611,-123.29338611,0,No Special Jurisdiction,34,Ditch,0,The First Harmful Event was Not a Collision with a Motor Vehicle in Transport,0,No,1,Non-Junction,1,Not an Intersection,0,,4,On Roadside,2,Dark - Not Lighted,1,Clear,0,No,0000000,Not Applicable,0,0:00am-0:59am,25,25,0,0:00am-0:59am,32,32,88,Not Applicable (Not Transported),88,Not Applicable (Not Transported),1,1
41,Oregon,410186,1,1,0,0,0,3,3,53,POLK (53),0,NOT APPLICABLE,25,25,7,July,2020,7,Saturday,1,1:00am-1:59am,40,40,0,This section IS NOT on the NHS,4,County Road,CR-AIRLIE RD,,1,Rural,6,Minor Collector,2,County Highway Agency,21,21,44.80236944,44.80236944,-123.35313333,-123.35313333,0,No Special Jurisdiction,32,Culvert,0,The First Harmful Event was Not a Collision with a Motor Vehicle in Transport,0,No,1,Non-Junction,1,Not an Intersection,0,,4,On Roadside,2,Dark - Not Lighted,1,Clear,0,No,0000000,Not Applicable,1,1:00am-1:59am,44,44,1,1:00am-1:59am,59,59,99,Unknown,99,Unknown EMS Hospital Arrival Time,2,0
41,Oregon,410187,1,1,0,0,0,2,2,71,YAMHILL (71),0,NOT APPLICABLE,25,25,7,July,2020,7,Saturday,13,1:00pm-1:59pm,43,43,0,This section IS NOT on the NHS,4,County Road,CR-NW WESTSIDE RD,,1,Rural,5,Major Collector,2,County Highway Agency,13,13,45.24346389,45.24346389,-123.19853889,-123.19853889,0,No Special Jurisdiction,34,Ditch,0,The First Harmful Event was Not a Collision with a Motor Vehicle in Transport,0,No,1,Non-Junction,1,Not an Intersection,0,,4,On Roadside,1,Daylight,1,Clear,0,No,0000000,Not Applicable,13,1:00pm-1:59pm,44,44,13,1:00pm-1:59pm,49,49,99,Unknown,99,Unknown EMS Hospital Arrival Time,1,1
41,Oregon,410188,1,1,0,0,0,1,1,5,CLACKAMAS (5),0,NOT APPLICABLE,1,1,8,August,2020,7,Saturday,16,4:00pm-4:59pm,24,24,0,This section IS NOT on the NHS,4,County Road,CR-S BEAVERCREEK RD,,2,Urban,4,Minor Arterial,2,County Highway Agency,120,120,45.29354167,45.29354167,-122.53781111,-122.53781111,0,No Special Jurisdiction,42,Tree (Standing Only),0,The First Harmful Event was Not a Collision with a Motor Vehicle in Transport,0,No,1,Non-Junction,1,Not an Intersection,0,,4,On Roadside,1,Daylight,1,Clear,0,No,0000000,Not Applicable,16,4:00pm-4:59pm,24,24,16,4:00pm-4:59pm,30,30,88,Not Applicable (Not Transported),88,Not Applicable (Not Transported),1,0
41,Oregon,410189,2,2,0,0,0,2,2,5,CLACKAMAS (5),0,NOT APPLICABLE,2,2,8,August,2020,1,Sunday,18,6:00pm-6:59pm,20,20,1,This section IS ON the NHS,3,State Highway,SR-213 ODOT 68,CR-SE LUTHER RD,2,Urban,3,Principal Arterial - Other,1,State Highway Agency,72,72,45.46116111,45.46116111,-122.57908056,-122.57908056,0,No Special Jurisdiction,12,Motor Vehicle In-Transport,98,Not Reported,0,No,2,Intersection,3,T-Intersection,0,,1,On Roadway,1,Daylight,1,Clear,0,No,0000000,Not Applicable,18,6:00pm-6:59pm,20,20,18,6:00pm-6:59pm,24,24,99,Unknown,99,Unknown EMS Hospital Arrival Time,1,1
41,Oregon,410190,1,1,0,0,0,1,1,7,CLATSOP (7),0,NOT APPLICABLE,3,3,8,August,2020,2,Monday,0,0:00am-0:59am,0,0,0,This section IS NOT on the NHS,2,U.S. Highway,US-53 ODOT 46,,1,Rural,5,Major Collector,1,State Highway Agency,31,31,45.86455833,45.86455833,-123.766675,-123.766675,0,No Special Jurisdiction,35,Embankment,0,The First Harmful Event was Not a Collision with a Motor Vehicle in Transport,0,No,1,Non-Junction,1,Not an Intersection,0,,4,On Roadside,2,Dark - Not Lighted,98,Not Reported,0,No,0000000,Not Applicable,88,Not Applicable (Not Notified),88,Not Applicable (Not Notified),88,Not Applicable,88,Not Applicable,88,Not Applicable (Not Transported),88,Not Applicable (Not Transported),1,1
41,Oregon,410191,1,1,0,0,0,1,1,59,UMATILLA (59),0,NOT APPLICABLE,7,7,8,August,2020,6,Friday,16,4:00pm-4:59pm,59,59,0,This section IS NOT on the NHS,4,County Road,CR-RIETH RD,,1,Rural,5,Major Collector,2,County Highway Agency,30,30,45.66294167,45.66294167,-118.89678889,-118.89678889,0,No Special Jurisdiction,34,Ditch,0,The First Harmful Event was Not a Collision with a Motor Vehicle in Transport,0,No,1,Non-Junction,1,Not an Intersection,0,,4,On Roadside,1,Daylight,1,Clear,0,No,0000000,Not Applicable,16,4:00pm-4:59pm,59,59,17,5:00pm-5:59pm,4,4,88,Not Applicable (Not Transported),88,Not Applicable (Not Transported),1,0
41,Oregon,410192,1,1,0,0,0,1,1,39,LANE (39),0,NOT APPLICABLE,7,7,8,August,2020,6,Friday,10,10:00am-10:59am,55,55,0,This section IS NOT on the NHS,4,County Road,CR-N COBURG RD,,1,Rural,5,Major Collector,2,County Highway Agency,32,32,44.18557222,44.18557222,-123.07143889,-123.07143889,0,No Special Jurisdiction,38,Fence,0,The First Harmful Event was Not a Collision with a Motor Vehicle in Transport,0,No,1,Non-Junction,1,Not an Intersection,0,,5,Outside Trafficway,1,Daylight,1,Clear,0,No,0000000,Not Applicable,10,10:00am-10:59am,58,58,11,11:00am-11:59am,12,12,99,Unknown,99,Unknown EMS Hospital Arrival Time,1,0
41,Oregon,410193,1,1,0,0,0,1,1,43,LINN (43),0,NOT APPLICABLE,8,8,8,August,2020,7,Saturday,0,0:00am-0:59am,23,23,0,This section IS NOT on the NHS,4,County Road,CR-PEORIA RD,,1,Rural,5,Major Collector,2,County Highway Agency,176,176,44.35931111,44.35931111,-123.19231944,-123.19231944,0,No Special Jurisdiction,1,Rollover/Overturn,0,The First Harmful Event was Not a Collision with a Motor Vehicle in Transport,0,No,1,Non-Junction,1,Not an Intersection,0,,4,On Roadside,2,Dark - Not Lighted,1,Clear,0,No,0000000,Not Applicable,0,0:00am-0:59am,23,23,0,0:00am-0:59am,23,23,99,Unknown,99,Unknown EMS Hospital Arrival Time,1,0
41,Oregon,410194,1,1,0,1,1,1,1,5,CLACKAMAS (5),0,NOT APPLICABLE,10,10,8,August,2020,2,Monday,20,8:00pm-8:59pm,17,17,1,This section IS ON the NHS,2,U.S. Highway,US-26 ODOT 26,,1,Rural,3,Principal Arterial - Other,1,State Highway Agency,190,190,45.36653611,45.36653611,-122.15801944,-122.15801944,0,No Special Jurisdiction,8,Pedestrian,0,The First Harmful Event was Not a Collision with a Motor Vehicle in Transport,0,No,1,Non-Junction,1,Not an Intersection,0,,1,On Roadway,5,Dusk,1,Clear,0,No,0000000,Not Applicable,20,8:00pm-8:59pm,17,17,99,Unknown EMS Scene Arrival Hour,99,Unknown EMS Scene Arrival Minutes,88,Not Applicable (Not Transported),88,Not Applicable (Not Transported),1,0
41,Oregon,410195,1,1,0,0,0,1,1,19,DOUGLAS (19),0,NOT APPLICABLE,12,12,8,August,2020,4,Wednesday,10,10:00am-10:59am,45,45,1,This section IS ON the NHS,3,State Highway,SR-38 ODOT 45,,1,Rural,3,Principal Arterial - Other,1,State Highway Agency,513,513,43.67473056,43.67473056,-123.30798611,-123.30798611,0,No Special Jurisdiction,42,Tree (Standing Only),0,The First Harmful Event was Not a Collision with a Motor Vehicle in Transport,0,No,1,Non-Junction,1,Not an Intersection,0,,4,On Roadside,1,Daylight,1,Clear,0,No,0000000,Not Applicable,10,10:00am-10:59am,45,45,10,10:00am-10:59am,56,56,99,Unknown,99,Unknown EMS Hospital Arrival Time,1,1
41,Oregon,410196,2,2,0,0,0,2,2,45,MALHEUR (45),0,NOT APPLICABLE,14,14,8,August,2020,6,Friday,0,0:00am-0:59am,45,45,0,This section IS NOT on the NHS,3,State Highway,SR-201 ODOT455,,1,Rural,4,Minor Arterial,1,State Highway Agency,180,180,44.14124444,44.14124444,-116.93958889,-116.93958889,0,No Special Jurisdiction,12,Motor Vehicle In-Transport,2,Front-to-Front,0,No,1,Non-Junction,1,Not an Intersection,0,,1,On Roadway,2,Dark - Not Lighted,1,Clear,0,No,0000000,Not Applicable,0,0:00am-0:59am,46,46,0,0:00am-0:59am,57,57,88,Not Applicable (Not Transported),88,Not Applicable (Not Transported),1,0
41,Oregon,410197,1,1,0,0,0,1,1,5,CLACKAMAS (5),0,NOT APPLICABLE,17,17,8,August,2020,2,Monday,12,12:00pm-12:59pm,25,25,0,This section IS NOT on the NHS,3,State Highway,SR-211 ODOT 161,,1,Rural,5,Major Collector,1,State Highway Agency,317,317,45.26893611,45.26893611,-122.34675833,-122.34675833,0,No Special Jurisdiction,35,Embankment,0,The First Harmful Event was Not a Collision with a Motor Vehicle in Transport,0,No,1,Non-Junction,1,Not an Intersection,0,,4,On Roadside,1,Daylight,1,Clear,0,No,0000000,Not Applicable,0,0:00am-0:59am,28,28,0,0:00am-0:59am,36,36,99,Unknown,99,Unknown EMS Hospital Arrival Time,1,0
41,Oregon,410198,1,1,0,0,0,1,1,57,TILLAMOOK (57),0,NOT APPLICABLE,18,18,8,August,2020,3,Tuesday,13,1:00pm-1:59pm,30,30,0,This section IS NOT on the NHS,3,State Highway,SR-130 ODOT 130,,1,Rural,5,Major Collector,1,State Highway Agency,41,41,45.12407222,45.12407222,-123.879775,-123.879775,0,No Special Jurisdiction,3,Immersion or Partial Immersion,0,The First Harmful Event was Not a Collision with a Motor Vehicle in Transport,0,No,1,Non-Junction,1,Not an Intersection,0,,4,On Roadside,1,Daylight,1,Clear,0,No,0000000,Not Applicable,13,1:00pm-1:59pm,30,30,13,1:00pm-1:59pm,45,45,88,Not Applicable (Not Transported),88,Not Applicable (Not Transported),1,0
41,Oregon,410199,2,2,0,0,0,2,2,71,YAMHILL (71),0,NOT APPLICABLE,19,19,8,August,2020,4,Wednesday,13,1:00pm-1:59pm,50,50,0,This section IS NOT on the NHS,4,County Road,CR-NE NORTH VALLEY RD,CR-NE LAUGHLIN RD,1,Rural,5,Major Collector,2,County Highway Agency,86,86,45.38156944,45.38156944,-123.09494722,-123.09494722,0,No Special Jurisdiction,12,Motor Vehicle In-Transport,6,Angle,0,No,2,Intersection,2,Four-Way Intersection,0,,1,On Roadway,1,Daylight,1,Clear,0,No,0000000,Not Applicable,13,1:00pm-1:59pm,52,52,14,2:00pm-2:59pm,0,0,99,Unknown,99,Unknown EMS Hospital Arrival Time,1,0
41,Oregon,410200,1,1,0,0,0,1,1,25,HARNEY (25),0,NOT APPLICABLE,20,20,8,August,2020,5,Thursday,9,9:00am-9:59am,51,51,1,This section IS ON the NHS,2,U.S. Highway,US-20 ODOT 7,,1,Rural,3,Principal Arterial - Other,1,State Highway Agency,1239,1239,43.511625,43.511625,-119.12998056,-119.12998056,0,No Special Jurisdiction,38,Fence,0,The First Harmful Event was Not a Collision with a Motor Vehicle in Transport,0,No,1,Non-Junction,1,Not an Intersection,0,,5,Outside Trafficway,1,Daylight,1,Clear,0,No,0000000,Not Applicable,9,9:00am-9:59am,51,51,10,10:00am-10:59am,0,0,99,Unknown,99,Unknown EMS Hospital Arrival Time,1,0
41,Oregon,410201,2,2,0,0,0,2,2,59,UMATILLA (59),1610,PENDLETON,20,20,8,August,2020,5,Thursday,15,3:00pm-3:59pm,50,50,1,This section IS ON the NHS,3,State Highway,SR-11 ODOT 8,US-30 ODOT 67,2,Urban,3,Principal Arterial - Other,1,State Highway Agency,0,,45.67305,45.67305,-118.76188611,-118.76188611,0,No Special Jurisdiction,12,Motor Vehicle In-Transport,6,Angle,0,No,2,Intersection,3,T-Intersection,0,,1,On Roadway,1,Daylight,1,Clear,0,No,0000000,Not Applicable,15,3:00pm-3:59pm,52,52,15,3:00pm-3:59pm,54,54,99,Unknown,99,Unknown EMS Hospital Arrival Time,1,0
41,Oregon,410202,1,1,0,1,1,1,1,55,SHERMAN (55),0,NOT APPLICABLE,22,22,8,August,2020,7,Saturday,20,8:00pm-8:59pm,40,40,1,This section IS ON the NHS,2,U.S. Highway,US-97-30 ODOT 301,,1,Rural,3,Principal Arterial - Other,1,State Highway Agency,57,57,45.59546111,45.59546111,-120.71824722,-120.71824722,0,No Special Jurisdiction,8,Pedestrian,0,The First Harmful Event was Not a Collision with a Motor Vehicle in Transport,0,No,1,Non-Junction,1,Not an Intersection,0,,1,On Roadway,1,Daylight,1,Clear,0,No,0000000,Not Applicable,20,8:00pm-8:59pm,38,38,20,8:00pm-8:59pm,51,51,88,Not Applicable (Not Transported),88,Not Applicable (Not Transported),1,0
41,Oregon,410203,2,2,0,0,0,2,2,39,LANE (39),0,NOT APPLICABLE,5,5,9,September,2020,7,Saturday,12,12:00pm-12:59pm,20,20,1,This section IS ON the NHS,3,State Highway,SR-58 ODOT 18,,1,Rural,3,Principal Arterial - Other,1,State Highway Agency,143,143,43.91254722,43.91254722,-122.797875,-122.797875,0,No Special Jurisdiction,12,Motor Vehicle In-Transport,1,Front-to-Rear,0,No,8,Driveway Access Related,1,Not an Intersection,0,,1,On Roadway,1,Daylight,1,Clear,0,No,0000000,Not Applicable,12,12:00pm-12:59pm,23,23,12,12:00pm-12:59pm,25,25,99,Unknown,99,Unknown EMS Hospital Arrival Time,1,0
41,Oregon,410204,1,1,0,0,0,1,1,37,LAKE (37),0,NOT APPLICABLE,1,1,9,September,2020,3,Tuesday,11,11:00am-11:59am,5,5,0,This section IS NOT on the NHS,3,State Highway,SR-140 ODOT 431,,1,Rural,5,Major Collector,1,State Highway Agency,449,449,42.07804722,42.07804722,-119.57455278,-119.57455278,0,No Special Jurisdiction,1,Rollover/Overturn,0,The First Harmful Event was Not a Collision with a Motor Vehicle in Transport,0,No,1,Non-Junction,1,Not an Intersection,0,,4,On Roadside,1,Daylight,1,Clear,0,No,0000000,Not Applicable,11,11:00am-11:59am,5,5,11,11:00am-11:59am,40,40,88,Not Applicable (Not Transported),88,Not Applicable (Not Transported),1,0
41,Oregon,410205,2,2,0,1,1,3,3,59,UMATILLA (59),1610,PENDLETON,5,5,9,September,2020,7,Saturday,23,11:00pm-11:59pm,49,49,1,This section IS ON the NHS,1,Interstate,I-84,,2,Urban,1,Interstate,1,State Highway Agency,2095,2095,45.66385833,45.66385833,-118.80938056,-118.80938056,0,No Special Jurisdiction,8,Pedestrian,0,The First Harmful Event was Not a Collision with a Motor Vehicle in Transport,0,No,1,Non-Junction,1,Not an Intersection,0,,1,On Roadway,2,Dark - Not Lighted,1,Clear,0,No,0000000,Not Applicable,23,11:00pm-11:59pm,49,49,23,11:00pm-11:59pm,56,56,88,Not Applicable (Not Transported),88,Not Applicable (Not Transported),1,0
41,Oregon,410206,2,2,0,0,0,4,4,19,DOUGLAS (19),0,NOT APPLICABLE,5,5,9,September,2020,7,Saturday,21,9:00pm-9:59pm,40,40,1,This section IS ON the NHS,3,State Highway,SR-38 ODOT 45,CR-HARDCRABBLE RD,1,Rural,3,Principal Arterial - Other,1,State Highway Agency,474,474,43.66561944,43.66561944,-123.36972778,-123.36972778,0,No Special Jurisdiction,12,Motor Vehicle In-Transport,6,Angle,0,No,2,Intersection,3,T-Intersection,0,,1,On Roadway,2,Dark - Not Lighted,1,Clear,0,No,0000000,Not Applicable,21,9:00pm-9:59pm,40,40,21,9:00pm-9:59pm,44,44,88,Not Applicable (Not Transported),88,Not Applicable (Not Transported),2,0
41,Oregon,410207,3,3,0,0,0,6,6,39,LANE (39),0,NOT APPLICABLE,9,9,9,September,2020,4,Wednesday,13,1:00pm-1:59pm,30,30,1,This section IS ON the NHS,3,State Highway,SR-58 ODOT 18,,1,Rural,3,Principal Arterial - Other,1,State Highway Agency,597,597,43.61211667,43.61211667,-122.10699167,-122.10699167,0,No Special Jurisdiction,12,Motor Vehicle In-Transport,2,Front-to-Front,0,No,1,Non-Junction,1,Not an Intersection,0,,1,On Roadway,1,Daylight,1,Clear,0,No,0000000,Not Applicable,13,1:00pm-1:59pm,32,32,13,1:00pm-1:59pm,45,45,88,Not Applicable (Not Transported),88,Not Applicable (Not Transported),2,0
41,Oregon,410208,2,2,0,1,1,4,4,51,MULTNOMAH (51),1650,PORTLAND,11,11,9,September,2020,6,Friday,18,6:00pm-6:59pm,42,42,0,This section IS NOT on the NHS,6,Local Street - Municipality,E BURNSIDE ST,SE 18TH AVE,2,Urban,4,Minor Arterial,4,City or Municipal Highway Agency,0,,45.52288889,45.52288889,-122.64756944,-122.64756944,0,No Special Jurisdiction,12,Motor Vehicle In-Transport,6,Angle,0,No,2,Intersection,2,Four-Way Intersection,0,,1,On Roadway,1,Daylight,5,"Fog, Smog, Smoke",0,No,0000000,Not Applicable,18,6:00pm-6:59pm,42,42,18,6:00pm-6:59pm,47,47,99,Unknown,99,Unknown EMS Hospital Arrival Time,1,1
41,Oregon,410210,2,2,0,0,0,4,4,19,DOUGLAS (19),0,NOT APPLICABLE,29,29,9,September,2020,3,Tuesday,13,1:00pm-1:59pm,12,12,0,This section IS NOT on the NHS,3,State Highway,SR-138 ODOT 231,CR-DOVETAIL LN,2,Urban,4,Minor Arterial,1,State Highway Agency,230,230,43.392325,43.392325,-123.35758056,-123.35758056,0,No Special Jurisdiction,12,Motor Vehicle In-Transport,6,Angle,0,No,2,Intersection,2,Four-Way Intersection,0,,1,On Roadway,1,Daylight,1,Clear,0,No,0000000,Not Applicable,13,1:00pm-1:59pm,12,12,13,1:00pm-1:59pm,14,14,99,Unknown,99,Unknown EMS Hospital Arrival Time,2,0
41,Oregon,410211,1,1,0,0,0,1,1,65,WASCO (65),0,NOT APPLICABLE,25,25,9,September,2020,6,Friday,0,0:00am-0:59am,21,21,1,This section IS ON the NHS,2,U.S. Highway,US-26 ODOT 53,,1,Rural,3,Principal Arterial - Other,1,State Highway Agency,750,750,45.11524167,45.11524167,-121.57619722,-121.57619722,0,No Special Jurisdiction,42,Tree (Standing Only),0,The First Harmful Event was Not a Collision with a Motor Vehicle in Transport,0,No,1,Non-Junction,1,Not an Intersection,0,,4,On Roadside,2,Dark - Not Lighted,1,Clear,0,No,0000000,Not Applicable,0,0:00am-0:59am,21,21,0,0:00am-0:59am,40,40,88,Not Applicable (Not Transported),88,Not Applicable (Not Transported),1,1
41,Oregon,410213,2,2,0,0,0,2,2,33,JOSEPHINE (33),0,NOT APPLICABLE,2,2,10,October,2020,6,Friday,5,5:00am-5:59am,53,53,1,This section IS ON the NHS,2,U.S. Highway,US-199 ODOT 25,,1,Rural,3,Principal Arterial - Other,1,State Highway Agency,301,301,42.14683333,42.14683333,-123.65486667,-123.65486667,0,No Special Jurisdiction,12,Motor Vehicle In-Transport,2,Front-to-Front,0,No,1,Non-Junction,1,Not an Intersection,0,,1,On Roadway,2,Dark - Not Lighted,1,Clear,0,No,0000000,Not Applicable,5,5:00am-5:59am,53,53,6,6:00am-6:59am,3,3,88,Not Applicable (Not Transported),88,Not Applicable (Not Transported),2,0
41,Oregon,410215,2,2,0,0,0,3,3,33,JOSEPHINE (33),0,NOT APPLICABLE,5,5,10,October,2020,2,Monday,9,9:00am-9:59am,52,52,0,This section IS NOT on the NHS,4,County Road,CR-UPPER RIVER RD,CR-PINECREST DR,2,Urban,5,Major Collector,2,County Highway Agency,0,,42.44481944,42.44481944,-123.36791111,-123.36791111,0,No Special Jurisdiction,12,Motor Vehicle In-Transport,6,Angle,1,Yes,2,Intersection,3,T-Intersection,0,,1,On Roadway,1,Daylight,1,Clear,0,No,0000000,Not Applicable,9,9:00am-9:59am,52,52,99,Unknown EMS Scene Arrival Hour,99,Unknown EMS Scene Arrival Minutes,88,Not Applicable (Not Transported),88,Not Applicable (Not Transported),1,0
41,Oregon,410216,1,1,0,0,0,1,1,41,LINCOLN (41),0,NOT APPLICABLE,6,6,10,October,2020,3,Tuesday,18,6:00pm-6:59pm,30,30,1,This section IS ON the NHS,2,U.S. Highway,US-101 ODOT 9,,2,Urban,3,Principal Arterial - Other,1,State Highway Agency,1604,1604,44.85340833,44.85340833,-124.04216667,-124.04216667,0,No Special Jurisdiction,34,Ditch,0,The First Harmful Event was Not a Collision with a Motor Vehicle in Transport,0,No,1,Non-Junction,1,Not an Intersection,0,,4,On Roadside,5,Dusk,1,Clear,0,No,0000000,Not Applicable,18,6:00pm-6:59pm,39,39,18,6:00pm-6:59pm,50,50,99,Unknown,99,Unknown EMS Hospital Arrival Time,1,0
41,Oregon,410217,1,1,0,0,0,2,2,11,COOS (11),0,NOT APPLICABLE,7,7,10,October,2020,4,Wednesday,15,3:00pm-3:59pm,10,10,1,This section IS ON the NHS,2,U.S. Highway,US-101 ODOT 9,,1,Rural,3,Principal Arterial - Other,1,State Highway Agency,2576,2576,43.17122222,43.17122222,-124.37550556,-124.37550556,0,No Special Jurisdiction,42,Tree (Standing Only),0,The First Harmful Event was Not a Collision with a Motor Vehicle in Transport,0,No,1,Non-Junction,1,Not an Intersection,0,,5,Outside Trafficway,1,Daylight,1,Clear,0,No,0000000,Not Applicable,15,3:00pm-3:59pm,11,11,15,3:00pm-3:59pm,16,16,99,Unknown,99,Unknown EMS Hospital Arrival Time,1,0
41,Oregon,410218,1,1,0,0,0,1,1,65,WASCO (65),0,NOT APPLICABLE,7,7,10,October,2020,4,Wednesday,17,5:00pm-5:59pm,40,40,1,This section IS ON the NHS,2,U.S. Highway,US-97 ODOT 42,,1,Rural,3,Principal Arterial - Other,1,State Highway Agency,591,591,45.00308056,45.00308056,-120.80547778,-120.80547778,0,No Special Jurisdiction,1,Rollover/Overturn,0,The First Harmful Event was Not a Collision with a Motor Vehicle in Transport,0,No,1,Non-Junction,1,Not an Intersection,0,,4,On Roadside,5,Dusk,1,Clear,0,No,0000000,Not Applicable,17,5:00pm-5:59pm,41,41,18,6:00pm-6:59pm,18,18,88,Not Applicable (Not Transported),88,Not Applicable (Not Transported),1,1
41,Oregon,410219,1,1,0,0,0,1,1,5,CLACKAMAS (5),0,NOT APPLICABLE,8,8,10,October,2020,5,Thursday,21,9:00pm-9:59pm,7,7,0,This section IS NOT on the NHS,3,State Highway,SR-99 ODOT 81,,1,Rural,4,Minor Arterial,1,State Highway Agency,164,164,45.28561944,45.28561944,-122.65921389,-122.65921389,0,No Special Jurisdiction,17,Boulder,0,The First Harmful Event was Not a Collision with a Motor Vehicle in Transport,0,No,1,Non-Junction,1,Not an Intersection,0,,4,On Roadside,2,Dark - Not Lighted,1,Clear,0,No,0000000,Not Applicable,21,9:00pm-9:59pm,7,7,21,9:00pm-9:59pm,10,10,88,Not Applicable (Not Transported),88,Not Applicable (Not Transported),1,1
41,Oregon,410220,1,1,0,0,0,1,1,33,JOSEPHINE (33),0,NOT APPLICABLE,23,23,9,September,2020,4,Wednesday,0,0:00am-0:59am,18,18,1,This section IS ON the NHS,2,U.S. Highway,US-199 ODOT 25,,1,Rural,3,Principal Arterial - Other,1,State Highway Agency,160,160,42.33383611,42.33383611,-123.5878,-123.5878,0,No Special Jurisdiction,42,Tree (Standing Only),0,The First Harmful Event was Not a Collision with a Motor Vehicle in Transport,0,No,1,Non-Junction,1,Not an Intersection,0,,4,On Roadside,2,Dark - Not Lighted,1,Clear,0,No,0000000,Not Applicable,88,Not Applicable (Not Notified),88,Not Applicable (Not Notified),88,Not Applicable,88,Not Applicable,88,Not Applicable (Not Transported),88,Not Applicable (Not Transported),1,1