STATE,STATENAME,ST_CASE,VE_TOTAL,VE_FORMS,PVH_INVL,PEDS,PERNOTMVIT,PERMVIT,PERSONS,COUNTY,COUNTYNAME,CITY,CITYNAME,DAY,DAYNAME,MONTH,MONTHNAME,YEAR,DAY_WEEK,DAY_WEEKNAME,HOUR,HOURNAME,MINUTE,MINUTENAME,NHS,NHSNAME,ROUTE,ROUTENAME,TWAY_ID,TWAY_ID2,RUR_URB,RUR_URBNAME,FUNC_SYS,FUNC_SYSNAME,RD_OWNER,RD_OWNERNAME,MILEPT,MILEPTNAME,LATITUDE,LATITUDENAME,LONGITUD,LONGITUDNAME,SP_JUR,SP_JURNAME,HARM_EV,HARM_EVNAME,MAN_COLL,MAN_COLLNAME,RELJCT1,RELJCT1NAME,RELJCT2,RELJCT2NAME,TYP_INT,TYP_INTNAME,WRK_ZONE,WRK_ZONENAME,REL_ROAD,REL_ROADNAME,LGT_COND,LGT_CONDNAME,WEATHER,WEATHERNAME,SCH_BUS,SCH_BUSNAME,RAIL,RAILNAME,NOT_HOUR,NOT_HOURNAME,NOT_MIN,NOT_MINNAME,ARR_HOUR,ARR_HOURNAME,ARR_MIN,ARR_MINNAME,HOSP_HR,HOSP_HRNAME,HOSP_MN,HOSP_MNNAME,FATALS,DRUNK_DR
41,Oregon,410291,1,1,0,0,0,1,1,51,MULTNOMAH (51),1650,PORTLAND,4,4,6,June,2020,5,Thursday,0,0:00am-0:59am,9,9,0,This section IS NOT on the NHS,6,Local Street - Municipality,NE PRESCOTT ST,,2,Urban,5,Major Collector,4,City or Municipal Highway Agency,0,,45.55543333,45.55543333,-122.641125,-122.641125,0,No Special Jurisdiction,42,Tree (Standing Only),0,The First Harmful Event was Not a Collision with a Motor Vehicle in Transport,0,No,1,Non-Junction,1,Not an Intersection,0,,4,On Roadside,3,Dark - Lighted,1,Clear,0,No,0000000,Not Applicable,99,Unknown,99,Unknown,99,Unknown EMS Scene Arrival Hour,99,Unknown EMS Scene Arrival Minutes,99,Unknown,99,Unknown EMS Hospital Arrival Time,1,1
41,Oregon,410292,1,1,0,1,1,1,1,51,MULTNOMAH (51),1650,PORTLAND,4,4,6,June,2020,5,Thursday,23,11:00pm-11:59pm,4,4,1,This section IS ON the NHS,3,State Highway,SR-99 ODOT 91,,2,Urban,3,Principal Arterial - Other,1,State Highway Agency,47,47,45.46617222,45.46617222,-122.69684722,-122.69684722,0,No Special Jurisdiction,8,Pedestrian,0,The First Harmful Event was Not a Collision with a Motor Vehicle in Transport,0,No,1,Non-Junction,1,Not an Intersection,0,,98,Not Reported,6,Dark - Unknown Lighting,98,Not Reported,0,No,0000000,Not Applicable,99,Unknown,99,Unknown,99,Unknown EMS Scene Arrival Hour,99,Unknown EMS Scene Arrival Minutes,88,Not Applicable (Not Transported),88,Not Applicable (Not Transported),1,0
41,Oregon,410293,2,2,0,0,0,2,2,39,LANE (39),1960,SPRINGFIELD,5,5,6,June,2020,6,Friday,12,12:00pm-12:59pm,34,34,1,This section IS ON the NHS,3,State Highway,SR-126 ODOT 33,CR-HOLDEN CR LN,1,Rural,3,Principal Arterial - Other,1,State Highway Agency,190,190,44.09256944,44.09256944,-122.71832778,-122.71832778,0,No Special Jurisdiction,12,Motor Vehicle In-Transport,1,Front-to-Rear,0,No,3,Intersection-Related,3,T-Intersection,0,,1,On Roadway,1,Daylight,10,Cloudy,0,No,0000000,Not Applicable,99,Unknown,99,Unknown,99,Unknown EMS Scene Arrival Hour,99,Unknown EMS Scene Arrival Minutes,99,Unknown,99,Unknown EMS Hospital Arrival Time,1,0
41,Oregon,410294,1,1,0,0,0,1,1,51,MULTNOMAH (51),1650,PORTLAND,7,7,6,June,2020,1,Sunday,20,8:00pm-8:59pm,57,57,0,This section IS NOT on the NHS,6,Local Street - Municipality,SE MT SCOTT BLVD,,2,Urban,5,Major Collector,4,City or Municipal Highway Agency,0,,45.46812222,45.46812222,-122.56485,-122.56485,0,No Special Jurisdiction,24,Guardrail Face,0,The First Harmful Event was Not a Collision with a Motor Vehicle in Transport,0,No,1,Non-Junction,1,Not an Intersection,0,,4,On Roadside,6,Dark - Unknown Lighting,98,Not Reported,0,No,0000000,Not Applicable,99,Unknown,99,Unknown,99,Unknown EMS Scene Arrival Hour,99,Unknown EMS Scene Arrival Minutes,88,Not Applicable (Not Transported),88,Not Applicable (Not Transported),1,1
41,Oregon,410295,2,2,0,0,0,2,2,67,WASHINGTON (67),0,NOT APPLICABLE,11,11,6,June,2020,5,Thursday,8,8:00am-8:59am,46,46,1,This section IS ON the NHS,2,U.S. Highway,US-26 ODOT 47,,1,Rural,3,Principal Arterial - Other,1,State Highway Agency,473,473,45.66504444,45.66504444,-123.16505278,-123.16505278,0,No Special Jurisdiction,12,Motor Vehicle In-Transport,2,Front-to-Front,0,No,1,Non-Junction,1,Not an Intersection,0,,1,On Roadway,1,Daylight,2,Rain,0,No,0000000,Not Applicable,8,8:00am-8:59am,46,46,8,8:00am-8:59am,49,49,88,Not Applicable (Not Transported),88,Not Applicable (Not Transported),1,0
41,Oregon,410296,1,1,0,0,0,2,2,55,SHERMAN (55),1783,RUFUS,16,16,6,June,2020,3,Tuesday,16,4:00pm-4:59pm,5,5,1,This section IS ON the NHS,1,Interstate,I-84,,1,Rural,1,Interstate,1,State Highway Agency,1095,1095,45.69308611,45.69308611,-120.74781389,-120.74781389,0,No Special Jurisdiction,1,Rollover/Overturn,0,The First Harmful Event was Not a Collision with a Motor Vehicle in Transport,0,No,1,Non-Junction,1,Not an Intersection,0,,4,On Roadside,1,Daylight,98,Not Reported,0,No,0000000,Not Applicable,16,4:00pm-4:59pm,7,7,16,4:00pm-4:59pm,24,24,99,Unknown,99,Unknown EMS Hospital Arrival Time,1,1
41,Oregon,410297,2,2,0,0,0,3,3,5,CLACKAMAS (5),0,NOT APPLICABLE,19,19,6,June,2020,6,Friday,23,11:00pm-11:59pm,18,18,0,This section IS NOT on the NHS,3,State Highway,SR-224 ODOT 171,,1,Rural,4,Minor Arterial,1,State Highway Agency,168,168,45.36985556,45.36985556,-122.37328056,-122.37328056,0,No Special Jurisdiction,12,Motor Vehicle In-Transport,2,Front-to-Front,0,No,1,Non-Junction,1,Not an Intersection,0,,1,On Roadway,2,Dark - Not Lighted,1,Clear,0,No,0000000,Not Applicable,99,Unknown,99,Unknown,99,Unknown EMS Scene Arrival Hour,99,Unknown EMS Scene Arrival Minutes,99,Unknown,99,Unknown EMS Hospital Arrival Time,1,1
41,Oregon,410298,1,1,0,1,1,1,1,51,MULTNOMAH (51),1650,PORTLAND,22,22,6,June,2020,2,Monday,14,2:00pm-2:59pm,35,35,0,This section IS NOT on the NHS,6,Local Street - Municipality,NE MULTNOMAH ST,NE 16TH AVE,2,Urban,4,Minor Arterial,4,City or Municipal Highway Agency,0,,45.53146111,45.53146111,-122.64946667,-122.64946667,0,No Special Jurisdiction,9,Pedalcyclist,0,The First Harmful Event was Not a Collision with a Motor Vehicle in Transport,0,No,2,Intersection,2,Four-Way Intersection,0,,1,On Roadway,1,Daylight,1,Clear,0,No,0000000,Not Applicable,99,Unknown,99,Unknown,99,Unknown EMS Scene Arrival Hour,99,Unknown EMS Scene Arrival Minutes,99,Unknown,99,Unknown EMS Hospital Arrival Time,1,0
41,Oregon,410299,1,1,0,1,1,1,1,5,CLACKAMAS (5),1360,MILWAUKIE,2,2,7,July,2020,5,Thursday,12,12:00pm-12:59pm,6,6,0,This section IS NOT on the NHS,6,Local Street - Municipality,SE WICHITA AVE,,2,Urban,7,Local,4,City or Municipal Highway Agency,0,,45.45378611,45.45378611,-122.60080278,-122.60080278,0,No Special Jurisdiction,8,Pedestrian,0,The First Harmful Event was Not a Collision with a Motor Vehicle in Transport,0,No,1,Non-Junction,1,Not an Intersection,0,,1,On Roadway,8,Not Reported,98,Not Reported,0,No,0000000,Not Applicable,99,Unknown,99,Unknown,99,Unknown EMS Scene Arrival Hour,99,Unknown EMS Scene Arrival Minutes,88,Not Applicable (Not Transported),88,Not Applicable (Not Transported),1,0
41,Oregon,410301,1,1,0,0,0,2,2,1,BAKER (1),0,NOT APPLICABLE,5,5,7,July,2020,1,Sunday,5,5:00am-5:59am,25,25,0,This section IS NOT on the NHS,4,County Road,CR-SKY RANCH RD,,1,Rural,7,Local,2,County Highway Agency,13,13,44.89001111,44.89001111,-117.95231667,-117.95231667,0,No Special Jurisdiction,5,Fell/Jumped from Vehicle,0,The First Harmful Event was Not a Collision with a Motor Vehicle in Transport,0,No,1,Non-Junction,1,Not an Intersection,0,,1,On Roadway,8,Not Reported,98,Not Reported,0,No,0000000,Not Applicable,88,Not Applicable (Not Notified),88,Not Applicable (Not Notified),88,Not Applicable,88,Not Applicable,88,Not Applicable (Not Transported),88,Not Applicable (Not Transported),1,0
41,Oregon,410302,1,1,0,0,0,1,1,51,MULTNOMAH (51),1650,PORTLAND,6,6,7,July,2020,2,Monday,23,11:00pm-11:59pm,15,15,1,This section IS ON the NHS,2,U.S. Highway,US-26 ODOT 26,,2,Urban,3,Principal Arterial - Other,1,State Highway Agency,61,61,45.49588611,45.49588611,-122.55969444,-122.55969444,0,No Special Jurisdiction,30,Utility Pole/Light Support,0,The First Harmful Event was Not a Collision with a Motor Vehicle in Transport,0,No,1,Non-Junction,1,Not an Intersection,0,,4,On Roadside,6,Dark - Unknown Lighting,98,Not Reported,0,No,0000000,Not Applicable,99,Unknown,99,Unknown,99,Unknown EMS Scene Arrival Hour,99,Unknown EMS Scene Arrival Minutes,99,Unknown,99,Unknown EMS Hospital Arrival Time,1,1
41,Oregon,410303,2,2,0,1,1,2,2,47,MARION (47),0,NOT APPLICABLE,7,7,7,July,2020,3,Tuesday,22,10:00pm-10:59pm,34,34,0,This section IS NOT on the NHS,4,County Road,CR-BROOKLAKE RD NE,,2,Urban,4,Minor Arterial,2,County Highway Agency,26,26,45.04958889,45.04958889,-122.96337222,-122.96337222,0,No Special Jurisdiction,8,Pedestrian,0,The First Harmful Event was Not a Collision with a Motor Vehicle in Transport,0,No,1,Non-Junction,1,Not an Intersection,0,,1,On Roadway,2,Dark - Not Lighted,1,Clear,0,No,0000000,Not Applicable,22,10:00pm-10:59pm,34,34,22,10:00pm-10:59pm,43,43,88,Not Applicable (Not Transported),88,Not Applicable (Not Transported),1,0
41,Oregon,410304,1,1,0,0,0,2,2,19,DOUGLAS (19),1780,ROSEBURG,9,9,7,July,2020,5,Thursday,2,2:00am-2:59am,0,0,1,This section IS ON the NHS,6,Local Street - Municipality,PINE ST,,2,Urban,3,Principal Arterial - Other,4,City or Municipal Highway Agency,0,,43.20136111,43.20136111,-123.35295556,-123.35295556,0,No Special Jurisdiction,24,Guardrail Face,0,The First Harmful Event was Not a Collision with a Motor Vehicle in Transport,0,No,1,Non-Junction,1,Not an Intersection,0,,4,On Roadside,6,Dark - Unknown Lighting,98,Not Reported,0,No,0000000,Not Applicable,99,Unknown,99,Unknown,99,Unknown EMS Scene Arrival Hour,99,Unknown EMS Scene Arrival Minutes,99,Unknown,99,Unknown EMS Hospital Arrival Time,1,1
41,Oregon,410305,3,3,0,0,0,3,3,51,MULTNOMAH (51),1650,PORTLAND,11,11,7,July,2020,7,Saturday,16,4:00pm-4:59pm,45,45,0,This section IS NOT on the NHS,6,Local Street - Municipality,NE GLISAN ST,,2,Urban,3,Principal Arterial - Other,4,City or Municipal Highway Agency,0,,45.52642778,45.52642778,-122.50065,-122.50065,0,No Special Jurisdiction,12,Motor Vehicle In-Transport,2,Front-to-Front,0,No,1,Non-Junction,1,Not an Intersection,0,,1,On Roadway,8,Not Reported,98,Not Reported,0,No,0000000,Not Applicable,99,Unknown,99,Unknown,99,Unknown EMS Scene Arrival Hour,99,Unknown EMS Scene Arrival Minutes,99,Unknown,99,Unknown EMS Hospital Arrival Time,1,0
41,Oregon,410306,1,1,0,0,0,1,1,23,GRANT (23),0,NOT APPLICABLE,12,12,7,July,2020,1,Sunday,16,4:00pm-4:59pm,30,30,0,This section IS NOT on the NHS,8,Other,FS-7362,,1,Rural,7,Local,64,U.S. Forest Service,99998,Not Reported,88.8888,88.8888,888.8888,888.8888,0,No Special Jurisdiction,42,Tree (Standing Only),0,The First Harmful Event was Not a Collision with a Motor Vehicle in Transport,0,No,1,Non-Junction,1,Not an Intersection,0,,4,On Roadside,8,Not Reported,98,Not Reported,0,No,0000000,Not Applicable,99,Unknown,99,Unknown,99,Unknown EMS Scene Arrival Hour,99,Unknown EMS Scene Arrival Minutes,88,Not Applicable (Not Transported),88,Not Applicable (Not Transported),1,0
41,Oregon,410307,1,1,0,0,0,1,1,5,CLACKAMAS (5),0,NOT APPLICABLE,6,6,7,July,2020,2,Monday,8,8:00am-8:59am,2,2,0,This section IS NOT on the NHS,4,County Road,CR-SE WEBSTER RD,,2,Urban,5,Major Collector,2,County Highway Agency,14,14,45.40433611,45.40433611,-122.58535,-122.58535,0,No Special Jurisdiction,42,Tree (Standing Only),0,The First Harmful Event was Not a Collision with a Motor Vehicle in Transport,0,No,1,Non-Junction,1,Not an Intersection,0,,4,On Roadside,1,Daylight,98,Not Reported,0,No,0000000,Not Applicable,99,Unknown,99,Unknown,99,Unknown EMS Scene Arrival Hour,99,Unknown EMS Scene Arrival Minutes,99,Unknown,99,Unknown EMS Hospital Arrival Time,1,0
41,Oregon,410308,2,1,1,0,0,2,2,51,MULTNOMAH (51),1650,PORTLAND,18,18,7,July,2020,7,Saturday,18,6:00pm-6:59pm,4,4,1,This section IS ON the NHS,6,Local Street - Municipality,NE GLISAN ST,,2,Urban,3,Principal Arterial - Other,4,City or Municipal Highway Agency,0,,45.52642778,45.52642778,-122.50204167,-122.50204167,0,No Special Jurisdiction,14,Parked Motor Vehicle,0,The First Harmful Event was Not a Collision with a Motor Vehicle in Transport,0,No,1,Non-Junction,1,Not an Intersection,0,,4,On Roadside,8,Not Reported,98,Not Reported,0,No,0000000,Not Applicable,99,Unknown,99,Unknown,99,Unknown EMS Scene Arrival Hour,99,Unknown EMS Scene Arrival Minutes,88,Not Applicable (Not Transported),88,Not Applicable (Not Transported),2,0
41,Oregon,410309,3,3,0,0,0,4,4,51,MULTNOMAH (51),1650,PORTLAND,19,19,7,July,2020,1,Sunday,14,2:00pm-2:59pm,10,10,0,This section IS NOT on the NHS,6,Local Street - Municipality,NE RUSSELL ST,NE 122ND AVE,2,Urban,4,Minor Arterial,4,City or Municipal Highway Agency,0,,45.54129167,45.54129167,-122.53751944,-122.53751944,0,No Special Jurisdiction,12,Motor Vehicle In-Transport,6,Angle,0,No,2,Intersection,2,Four-Way Intersection,0,,1,On Roadway,1,Daylight,1,Clear,0,No,0000000,Not Applicable,99,Unknown,99,Unknown,99,Unknown EMS Scene Arrival Hour,99,Unknown EMS Scene Arrival Minutes,99,Unknown,99,Unknown EMS Hospital Arrival Time,1,0
41,Oregon,410310,3,3,0,0,0,5,5,51,MULTNOMAH (51),1650,PORTLAND,22,22,7,July,2020,4,Wednesday,22,10:00pm-10:59pm,27,27,0,This section IS NOT on the NHS,6,Local Street - Municipality,SE-STARK ST,SE-122ND AVE,2,Urban,4,Minor Arterial,4,City or Municipal Highway Agency,0,,45.519025,45.519025,-122.53776389,-122.53776389,0,No Special Jurisdiction,12,Motor Vehicle In-Transport,6,Angle,0,No,2,Intersection,2,Four-Way Intersection,0,,1,On Roadway,8,Not Reported,98,Not Reported,0,No,0000000,Not Applicable,99,Unknown,99,Unknown,99,Unknown EMS Scene Arrival Hour,99,Unknown EMS Scene Arrival Minutes,99,Unknown,99,Unknown EMS Hospital Arrival Time,1,1
41,Oregon,410311,1,1,0,1,1,1,1,51,MULTNOMAH (51),1650,PORTLAND,30,30,7,July,2020,5,Thursday,19,7:00pm-7:59pm,38,38,0,This section IS NOT on the NHS,6,Local Street - Municipality,SE MILL CT,,2,Urban,7,Local,4,City or Municipal Highway Agency,0,,45.50958333,45.50958333,-122.48535278,-122.48535278,0,No Special Jurisdiction,8,Pedestrian,0,The First Harmful Event was Not a Collision with a Motor Vehicle in Transport,0,No,98,Not Reported,98,Not Reported,0,,98,Not Reported,8,Not Reported,98,Not Reported,0,No,0000000,Not Applicable,99,Unknown,99,Unknown,99,Unknown EMS Scene Arrival Hour,99,Unknown EMS Scene Arrival Minutes,88,Not Applicable (Not Transported),88,Not Applicable (Not Transported),1,0
41,Oregon,410312,1,1,0,0,0,1,1,33,JOSEPHINE (33),0,NOT APPLICABLE,31,31,7,July,2020,6,Friday,10,10:00am-10:59am,5,5,0,This section IS NOT on the NHS,4,County Road,CR-ROBERTSON BRIDGE RD,,1,Rural,5,Major Collector,2,County Highway Agency,13,13,42.50429722,42.50429722,-123.44650556,-123.44650556,0,No Special Jurisdiction,53,Mail Box,0,The First Harmful Event was Not a Collision with a Motor Vehicle in Transport,0,No,1,Non-Junction,1,Not an Intersection,0,,4,On Roadside,1,Daylight,98,Not Reported,0,No,0000000,Not Applicable,99,Unknown,99,Unknown,99,Unknown EMS Scene Arrival Hour,99,Unknown EMS Scene Arrival Minutes,99,Unknown,99,Unknown EMS Hospital Arrival Time,1,0
41,Oregon,410314,2,2,0,0,0,2,2,25,HARNEY (25),0,NOT APPLICABLE,2,2,8,August,2020,1,Sunday,9,9:00am-9:59am,52,52,1,This section IS ON the NHS,2,U.S. Highway,US-395 ODOT 48,,1,Rural,3,Principal Arterial - Other,1,State Highway Agency,426,426,43.92748889,43.92748889,-118.93231389,-118.93231389,0,No Special Jurisdiction,12,Motor Vehicle In-Transport,6,Angle,0,No,8,Driveway Access Related,1,Not an Intersection,0,,1,On Roadway,1,Daylight,98,Not Reported,0,No,0000000,Not Applicable,9,9:00am-9:59am,51,51,10,10:00am-10:59am,25,25,99,Unknown,99,Unknown EMS Hospital Arrival Time,1,0
41,Oregon,410315,1,1,0,0,0,1,1,47,MARION (47),1810,SALEM,5,5,8,August,2020,4,Wednesday,19,7:00pm-7:59pm,27,27,0,This section IS NOT on the NHS,6,Local Street - Municipality,TURNER RD SE,,2,Urban,4,Minor Arterial,4,City or Municipal Highway Agency,0,,44.90235278,44.90235278,-122.98980833,-122.98980833,0,No Special Jurisdiction,32,Culvert,0,The First Harmful Event was Not a Collision with a Motor Vehicle in Transport,0,No,1,Non-Junction,1,Not an Intersection,0,,4,On Roadside,1,Daylight,1,Clear,0,No,0000000,Not Applicable,19,7:00pm-7:59pm,27,27,19,7:00pm-7:59pm,35,35,88,Not Applicable (Not Transported),88,Not Applicable (Not Transported),1,1
41,Oregon,410316,1,1,0,0,0,1,1,31,JEFFERSON (31),0,NOT APPLICABLE,5,5,8,August,2020,4,Wednesday,22,10:00pm-10:59pm,10,10,0,This section IS NOT on the NHS,4,County Road,CR-SW SUTTLE LAKE LOOP,,1,Rural,5,Major Collector,2,County Highway Agency,0,,44.419225,44.419225,-121.73721944,-121.73721944,0,No Special Jurisdiction,1,Rollover/Overturn,0,The First Harmful Event was Not a Collision with a Motor Vehicle in Transport,0,No,1,Non-Junction,1,Not an Intersection,0,,1,On Roadway,2,Dark - Not Lighted,98,Not Reported,0,No,0000000,Not Applicable,99,Unknown,99,Unknown,99,Unknown EMS Scene Arrival Hour,99,Unknown EMS Scene Arrival Minutes,88,Not Applicable (Not Transported),88,Not Applicable (Not Transported),1,1
41,Oregon,410317,1,1,0,0,0,1,1,19,DOUGLAS (19),0,NOT APPLICABLE,10,10,7,July,2020,6,Friday,20,8:00pm-8:59pm,55,55,0,This section IS NOT on the NHS,4,County Road,CR-CANYONVILLE-RIDDLE RD,,1,Rural,5,Major Collector,2,County Highway Agency,22,22,42.92547222,42.92547222,-123.32388333,-123.32388333,0,No Special Jurisdiction,34,Ditch,0,The First Harmful Event was Not a Collision with a Motor Vehicle in Transport,0,No,1,Non-Junction,1,Not an Intersection,0,,4,On Roadside,5,Dusk,1,Clear,0,No,0000000,Not Applicable,20,8:00pm-8:59pm,55,55,20,8:00pm-8:59pm,56,56,99,Unknown,99,Unknown EMS Hospital Arrival Time,1,1
41,Oregon,410318,2,2,0,0,0,2,2,67,WASHINGTON (67),1000,HILLSBORO,7,7,8,August,2020,6,Friday,14,2:00pm-2:59pm,37,37,1,This section IS ON the NHS,3,State Highway,SR-8 ODOT 29,,2,Urban,3,Principal Arterial - Other,1,State Highway Agency,106,106,45.50234167,45.50234167,-122.94899167,-122.94899167,0,No Special Jurisdiction,12,Motor Vehicle In-Transport,6,Angle,0,No,8,Driveway Access Related,1,Not an Intersection,0,,1,On Roadway,1,Daylight,1,Clear,0,No,0000000,Not Applicable,14,2:00pm-2:59pm,36,36,14,2:00pm-2:59pm,43,43,88,Not Applicable (Not Transported),88,Not Applicable (Not Transported),1,0
41,Oregon,410319,2,2,0,0,0,4,4,47,MARION (47),1810,SALEM,7,7,8,August,2020,6,Friday,22,10:00pm-10:59pm,3,3,0,This section IS NOT on the NHS,6,Local Street - Municipality,LIBERTY RD S,MILDRED LN SE,2,Urban,4,Minor Arterial,4,City or Municipal Highway Agency,0,,44.86931111,44.86931111,-123.06136111,-123.06136111,0,No Special Jurisdiction,12,Motor Vehicle In-Transport,6,Angle,0,No,2,Intersection,2,Four-Way Intersection,0,,1,On Roadway,3,Dark - Lighted,1,Clear,0,No,0000000,Not Applicable,22,10:00pm-10:59pm,3,3,22,10:00pm-10:59pm,8,8,99,Unknown,99,Unknown EMS Hospital Arrival Time,1,0
41,Oregon,410320,1,1,0,0,0,1,1,43,LINN (43),1342,MILLERSBURG,7,7,8,August,2020,6,Friday,14,2:00pm-2:59pm,53,53,0,This section IS NOT on the NHS,6,Local Street - Municipality,NE OLD SALEM RD,,2,Urban,4,Minor Arterial,4,City or Municipal Highway Agency,0,,44.68223056,44.68223056,-123.05983611,-123.05983611,0,No Special Jurisdiction,33,Curb,0,The First Harmful Event was Not a Collision with a Motor Vehicle in Transport,0,No,1,Non-Junction,1,Not an Intersection,0,,4,On Roadside,1,Daylight,1,Clear,0,No,0000000,Not Applicable,14,2:00pm-2:59pm,53,53,15,3:00pm-3:59pm,3,3,88,Not Applicable (Not Transported),88,Not Applicable (Not Transported),1,1
41,Oregon,410321,1,1,0,0,0,2,2,71,YAMHILL (71),0,NOT APPLICABLE,29,29,7,July,2020,4,Wednesday,19,7:00pm-7:59pm,0,0,0,This section IS NOT on the NHS,3,State Highway,SR-211 ODOT 150,,1,Rural,4,Minor Arterial,1,State Highway Agency,80,80,45.11727778,45.11727778,-123.06423889,-123.06423889,0,No Special Jurisdiction,5,Fell/Jumped from Vehicle,0,The First Harmful Event was Not a Collision with a Motor Vehicle in Transport,0,No,1,Non-Junction,1,Not an Intersection,0,,1,On Roadway,1,Daylight,98,Not Reported,0,No,0000000,Not Applicable,99,Unknown,99,Unknown,99,Unknown EMS Scene Arrival Hour,99,Unknown EMS Scene Arrival Minutes,99,Unknown,99,Unknown EMS Hospital Arrival Time,1,0
41,Oregon,410322,4,4,0,0,0,6,6,31,JEFFERSON (31),0,NOT APPLICABLE,15,15,8,August,2020,7,Saturday,15,3:00pm-3:59pm,58,58,1,This section IS ON the NHS,2,U.S. Highway,US-97 ODOT 4,,1,Rural,3,Principal Arterial - Other,1,State Highway Agency,1082,1082,44.45541667,44.45541667,-121.19948611,-121.19948611,0,No Special Jurisdiction,12,Motor Vehicle In-Transport,1,Front-to-Rear,0,No,1,Non-Junction,1,Not an Intersection,0,,1,On Roadway,1,Daylight,1,Clear,0,No,0000000,Not Applicable,15,3:00pm-3:59pm,58,58,16,4:00pm-4:59pm,9,9,99,Unknown,99,Unknown EMS Hospital Arrival Time,1,0
41,Oregon,410323,1,1,0,0,0,3,3,43,LINN (43),0,NOT APPLICABLE,28,28,7,July,2020,3,Tuesday,18,6:00pm-6:59pm,40,40,0,This section IS NOT on the NHS,4,County Road,CR-KINGSTON JORDAN DR,,1,Rural,5,Major Collector,2,County Highway Agency,11,11,44.74614167,44.74614167,-122.71443056,-122.71443056,0,No Special Jurisdiction,1,Rollover/Overturn,0,The First Harmful Event was Not a Collision with a Motor Vehicle in Transport,0,No,1,Non-Junction,1,Not an Intersection,0,,1,On Roadway,8,Not Reported,98,Not Reported,0,No,0000000,Not Applicable,99,Unknown,99,Unknown,99,Unknown EMS Scene Arrival Hour,99,Unknown EMS Scene Arrival Minutes,99,Unknown,99,Unknown EMS Hospital Arrival Time,1,0
41,Oregon,410324,3,3,0,0,0,4,4,65,WASCO (65),0,NOT APPLICABLE,21,21,8,August,2020,6,Friday,19,7:00pm-7:59pm,20,20,1,This section IS ON the NHS,2,U.S. Highway,US-26 ODOT 53,,1,Rural,3,Principal Arterial - Other,1,State Highway Agency,810,810,45.02015278,45.02015278,-121.51156667,-121.51156667,0,No Special Jurisdiction,12,Motor Vehicle In-Transport,98,Not Reported,0,No,1,Non-Junction,1,Not an Intersection,0,,1,On Roadway,1,Daylight,98,Not Reported,0,No,0000000,Not Applicable,99,Unknown,99,Unknown,99,Unknown EMS Scene Arrival Hour,99,Unknown EMS Scene Arrival Minutes,88,Not Applicable (Not Transported),88,Not Applicable (Not Transported),2,1
41,Oregon,410325,1,1,0,0,0,2,2,51,MULTNOMAH (51),670,FAIRVIEW,24,24,8,August,2020,2,Monday,23,11:00pm-11:59pm,43,43,0,This section IS NOT on the NHS,6,Local Street - Municipality,BLUE LAKE RD,,2,Urban,5,Major Collector,4,City or Municipal Highway Agency,0,,45.55876389,45.55876389,-122.44985833,-122.44985833,0,No Special Jurisdiction,24,Guardrail Face,0,The First Harmful Event was Not a Collision with a Motor Vehicle in Transport,0,No,1,Non-Junction,1,Not an Intersection,0,,4,On Roadside,2,Dark - Not Lighted,1,Clear,0,No,0000000,Not Applicable,99,Unknown,99,Unknown,99,Unknown EMS Scene Arrival Hour,99,Unknown EMS Scene Arrival Minutes,99,Unknown,99,Unknown EMS Hospital Arrival Time,1,0
41,Oregon,410326,1,1,0,1,1,1,1,51,MULTNOMAH (51),1650,PORTLAND,28,28,8,August,2020,6,Friday,23,11:00pm-11:59pm,35,35,1,This section IS ON the NHS,6,Local Street - Municipality,N MARINE DR,,2,Urban,4,Minor Arterial,4,City or Municipal Highway Agency,0,,45.62793611,45.62793611,-122.740975,-122.740975,0,No Special Jurisdiction,8,Pedestrian,0,The First Harmful Event was Not a Collision with a Motor Vehicle in Transport,0,No,1,Non-Junction,1,Not an Intersection,0,,1,On Roadway,6,Dark - Unknown Lighting,98,Not Reported,0,No,0000000,Not Applicable,99,Unknown,99,Unknown,99,Unknown EMS Scene Arrival Hour,99,Unknown EMS Scene Arrival Minutes,88,Not Applicable (Not Transported),88,Not Applicable (Not Transported),2,0
41,Oregon,410327,2,2,0,0,0,2,2,39,LANE (39),0,NOT APPLICABLE,27,27,8,August,2020,5,Thursday,10,10:00am-10:59am,11,11,0,This section IS NOT on the NHS,4,County Road,CR-PENGRA RD,CR-PLACE RD,1,Rural,5,Major Collector,2,County Highway Agency,40,40,43.95492778,43.95492778,-122.84139722,-122.84139722,0,No Special Jurisdiction,12,Motor Vehicle In-Transport,6,Angle,0,No,2,Intersection,3,T-Intersection,0,,1,On Roadway,1,Daylight,1,Clear,0,No,0000000,Not Applicable,99,Unknown,99,Unknown,99,Unknown EMS Scene Arrival Hour,99,Unknown EMS Scene Arrival Minutes,88,Not Applicable (Not Transported),88,Not Applicable (Not Transported),1,0