STATE,STATENAME,ST_CASE,VE_TOTAL,VE_FORMS,PVH_INVL,PEDS,PERNOTMVIT,PERMVIT,PERSONS,COUNTY,COUNTYNAME,CITY,CITYNAME,DAY,DAYNAME,MONTH,MONTHNAME,YEAR,DAY_WEEK,DAY_WEEKNAME,HOUR,HOURNAME,MINUTE,MINUTENAME,NHS,NHSNAME,ROUTE,ROUTENAME,TWAY_ID,TWAY_ID2,RUR_URB,RUR_URBNAME,FUNC_SYS,FUNC_SYSNAME,RD_OWNER,RD_OWNERNAME,MILEPT,MILEPTNAME,LATITUDE,LATITUDENAME,LONGITUD,LONGITUDNAME,SP_JUR,SP_JURNAME,HARM_EV,HARM_EVNAME,MAN_COLL,MAN_COLLNAME,RELJCT1,RELJCT1NAME,RELJCT2,RELJCT2NAME,TYP_INT,TYP_INTNAME,WRK_ZONE,WRK_ZONENAME,REL_ROAD,REL_ROADNAME,LGT_COND,LGT_CONDNAME,WEATHER,WEATHERNAME,SCH_BUS,SCH_BUSNAME,RAIL,RAILNAME,NOT_HOUR,NOT_HOURNAME,NOT_MIN,NOT_MINNAME,ARR_HOUR,ARR_HOURNAME,ARR_MIN,ARR_MINNAME,HOSP_HR,HOSP_HRNAME,HOSP_MN,HOSP_MNNAME,FATALS,DRUNK_DR
41,Oregon,410328,1,1,0,0,0,1,1,43,LINN (43),0,NOT APPLICABLE,29,29,8,August,2020,7,Saturday,1,1:00am-1:59am,57,57,0,This section IS NOT on the NHS,4,County Road,CR-BERLIN RD,,1,Rural,5,Major Collector,2,County Highway Agency,19,19,44.46721111,44.46721111,-122.74373889,-122.74373889,0,No Special Jurisdiction,1,Rollover/Overturn,0,The First Harmful Event was Not a Collision with a Motor Vehicle in Transport,0,No,98,Not Reported,98,Not Reported,0,,98,Not Reported,2,Dark - Not Lighted,1,Clear,0,No,0000000,Not Applicable,1,1:00am-1:59am,57,57,2,2:00am-2:59am,13,13,99,Unknown,99,Unknown EMS Hospital Arrival Time,1,1
41,Oregon,410329,1,1,0,1,1,1,1,51,MULTNOMAH (51),1650,PORTLAND,30,30,8,August,2020,1,Sunday,19,7:00pm-7:59pm,2,2,1,This section IS ON the NHS,6,Local Street - Municipality,NE MARTIN LUTHER KING BLVD,NE DEKUM ST,2,Urban,3,Principal Arterial - Other,4,City or Municipal Highway Agency,0,,45.57178056,45.57178056,-122.66137222,-122.66137222,0,No Special Jurisdiction,8,Pedestrian,0,The First Harmful Event was Not a Collision with a Motor Vehicle in Transport,0,No,3,Intersection-Related,2,Four-Way Intersection,0,,1,On Roadway,1,Daylight,98,Not Reported,0,No,0000000,Not Applicable,99,Unknown,99,Unknown,99,Unknown EMS Scene Arrival Hour,99,Unknown EMS Scene Arrival Minutes,99,Unknown,99,Unknown EMS Hospital Arrival Time,1,0
41,Oregon,410330,1,1,0,0,0,1,1,23,GRANT (23),0,NOT APPLICABLE,21,21,8,August,2020,6,Friday,3,3:00am-3:59am,0,0,1,This section IS ON the NHS,2,U.S. Highway,US-395 ODOT 28,,1,Rural,3,Principal Arterial - Other,1,State Highway Agency,740,740,44.89088056,44.89088056,-119.01174722,-119.01174722,0,No Special Jurisdiction,42,Tree (Standing Only),0,The First Harmful Event was Not a Collision with a Motor Vehicle in Transport,0,No,1,Non-Junction,1,Not an Intersection,0,,4,On Roadside,2,Dark - Not Lighted,1,Clear,0,No,0000000,Not Applicable,3,3:00am-3:59am,21,21,3,3:00am-3:59am,40,40,99,Unknown,99,Unknown EMS Hospital Arrival Time,1,0
41,Oregon,410331,1,1,0,0,0,2,2,51,MULTNOMAH (51),1650,PORTLAND,1,1,9,September,2020,3,Tuesday,5,5:00am-5:59am,10,10,0,This section IS NOT on the NHS,6,Local Street - Municipality,SE 153RD AVE,,2,Urban,7,Local,4,City or Municipal Highway Agency,0,,45.51921111,45.51921111,-122.50618056,-122.50618056,0,No Special Jurisdiction,42,Tree (Standing Only),0,The First Harmful Event was Not a Collision with a Motor Vehicle in Transport,0,No,1,Non-Junction,1,Not an Intersection,0,,4,On Roadside,9,Reported as Unknown,98,Not Reported,0,No,0000000,Not Applicable,99,Unknown,99,Unknown,99,Unknown EMS Scene Arrival Hour,99,Unknown EMS Scene Arrival Minutes,99,Unknown,99,Unknown EMS Hospital Arrival Time,1,1
41,Oregon,410332,1,1,0,1,1,1,1,51,MULTNOMAH (51),1650,PORTLAND,3,3,9,September,2020,5,Thursday,9,9:00am-9:59am,44,44,0,This section IS NOT on the NHS,6,Local Street - Municipality,SE MARKET ST,,2,Urban,5,Major Collector,4,City or Municipal Highway Agency,0,,45.51074167,45.51074167,-122.56644167,-122.56644167,0,No Special Jurisdiction,9,Pedalcyclist,0,The First Harmful Event was Not a Collision with a Motor Vehicle in Transport,0,No,16,Shared-Use Path Crossing,1,Not an Intersection,0,,1,On Roadway,1,Daylight,1,Clear,0,No,0000000,Not Applicable,99,Unknown,99,Unknown,99,Unknown EMS Scene Arrival Hour,99,Unknown EMS Scene Arrival Minutes,99,Unknown,99,Unknown EMS Hospital Arrival Time,1,0
41,Oregon,410333,2,2,0,0,0,2,2,35,KLAMATH (35),0,NOT APPLICABLE,27,27,8,August,2020,5,Thursday,8,8:00am-8:59am,34,34,0,This section IS NOT on the NHS,4,County Road,CR-HOMEDALE RD,CR-HARLAN DR,2,Urban,5,Major Collector,2,County Highway Agency,73,73,42.19315556,42.19315556,-121.72272778,-121.72272778,0,No Special Jurisdiction,12,Motor Vehicle In-Transport,6,Angle,0,No,2,Intersection,2,Four-Way Intersection,0,,1,On Roadway,1,Daylight,1,Clear,0,No,0000000,Not Applicable,99,Unknown,99,Unknown,99,Unknown EMS Scene Arrival Hour,99,Unknown EMS Scene Arrival Minutes,99,Unknown,99,Unknown EMS Hospital Arrival Time,1,0
41,Oregon,410334,1,1,0,0,0,1,1,19,DOUGLAS (19),0,NOT APPLICABLE,7,7,9,September,2020,2,Monday,0,0:00am-0:59am,22,22,1,This section IS ON the NHS,3,State Highway,SR-42 ODOT 35,,1,Rural,3,Principal Arterial - Other,1,State Highway Agency,590,590,43.06373056,43.06373056,-123.62280278,-123.62280278,0,No Special Jurisdiction,11,Live Animal,0,The First Harmful Event was Not a Collision with a Motor Vehicle in Transport,0,No,1,Non-Junction,1,Not an Intersection,0,,1,On Roadway,6,Dark - Unknown Lighting,98,Not Reported,0,No,0000000,Not Applicable,99,Unknown,99,Unknown,99,Unknown EMS Scene Arrival Hour,99,Unknown EMS Scene Arrival Minutes,88,Not Applicable (Not Transported),88,Not Applicable (Not Transported),1,1
41,Oregon,410335,1,1,0,0,0,1,1,11,COOS (11),0,NOT APPLICABLE,7,7,9,September,2020,2,Monday,16,4:00pm-4:59pm,39,39,0,This section IS NOT on the NHS,4,County Road,CR-SHINGLEHOUSE RD,,1,Rural,5,Major Collector,2,County Highway Agency,19,19,43.32605278,43.32605278,-124.21148889,-124.21148889,0,No Special Jurisdiction,42,Tree (Standing Only),0,The First Harmful Event was Not a Collision with a Motor Vehicle in Transport,0,No,1,Non-Junction,1,Not an Intersection,0,,4,On Roadside,8,Not Reported,98,Not Reported,0,No,0000000,Not Applicable,16,4:00pm-4:59pm,40,40,16,4:00pm-4:59pm,42,42,88,Not Applicable (Not Transported),88,Not Applicable (Not Transported),1,1
41,Oregon,410336,1,1,0,0,0,1,1,19,DOUGLAS (19),0,NOT APPLICABLE,11,11,9,September,2020,6,Friday,20,8:00pm-8:59pm,11,11,0,This section IS NOT on the NHS,4,County Road,CR-GARDEN VALLEY RD,,1,Rural,4,Minor Arterial,2,County Highway Agency,48,48,43.26990278,43.26990278,-123.41015556,-123.41015556,0,No Special Jurisdiction,24,Guardrail Face,0,The First Harmful Event was Not a Collision with a Motor Vehicle in Transport,0,No,1,Non-Junction,1,Not an Intersection,0,,4,On Roadside,8,Not Reported,98,Not Reported,0,No,0000000,Not Applicable,99,Unknown,99,Unknown,99,Unknown EMS Scene Arrival Hour,99,Unknown EMS Scene Arrival Minutes,99,Unknown,99,Unknown EMS Hospital Arrival Time,1,0
41,Oregon,410337,1,1,0,1,1,2,2,11,COOS (11),140,BANDON,8,8,9,September,2020,3,Tuesday,20,8:00pm-8:59pm,1,1,1,This section IS ON the NHS,2,U.S. Highway,US-101 ODOT 9,,1,Rural,3,Principal Arterial - Other,1,State Highway Agency,2740,2740,43.11875556,43.11875556,-124.41168056,-124.41168056,0,No Special Jurisdiction,8,Pedestrian,0,The First Harmful Event was Not a Collision with a Motor Vehicle in Transport,0,No,1,Non-Junction,1,Not an Intersection,0,,1,On Roadway,2,Dark - Not Lighted,98,Not Reported,0,No,0000000,Not Applicable,99,Unknown,99,Unknown,99,Unknown EMS Scene Arrival Hour,99,Unknown EMS Scene Arrival Minutes,99,Unknown,99,Unknown EMS Hospital Arrival Time,1,0
41,Oregon,410338,1,1,0,0,0,1,1,5,CLACKAMAS (5),0,NOT APPLICABLE,16,16,9,September,2020,4,Wednesday,17,5:00pm-5:59pm,12,12,1,This section IS ON the NHS,3,State Highway,SR-212 ODOT 174,,2,Urban,3,Principal Arterial - Other,1,State Highway Agency,2,2,45.40848333,45.40848333,-122.50118611,-122.50118611,0,No Special Jurisdiction,24,Guardrail Face,0,The First Harmful Event was Not a Collision with a Motor Vehicle in Transport,0,No,1,Non-Junction,1,Not an Intersection,0,,4,On Roadside,1,Daylight,98,Not Reported,0,No,0000000,Not Applicable,17,5:00pm-5:59pm,10,10,17,5:00pm-5:59pm,14,14,88,Not Applicable (Not Transported),88,Not Applicable (Not Transported),1,0
41,Oregon,410339,1,1,0,1,1,1,1,5,CLACKAMAS (5),0,NOT APPLICABLE,19,19,9,September,2020,7,Saturday,18,6:00pm-6:59pm,40,40,0,This section IS NOT on the NHS,6,Local Street - Municipality,SE KING RD,,2,Urban,4,Minor Arterial,4,City or Municipal Highway Agency,8,8,45.44793611,45.44793611,-122.59576667,-122.59576667,0,No Special Jurisdiction,8,Pedestrian,0,The First Harmful Event was Not a Collision with a Motor Vehicle in Transport,0,No,1,Non-Junction,1,Not an Intersection,0,,1,On Roadway,1,Daylight,98,Not Reported,0,No,0000000,Not Applicable,99,Unknown,99,Unknown,99,Unknown EMS Scene Arrival Hour,99,Unknown EMS Scene Arrival Minutes,88,Not Applicable (Not Transported),88,Not Applicable (Not Transported),1,0
41,Oregon,410340,1,1,0,1,1,1,1,51,MULTNOMAH (51),1650,PORTLAND,24,24,9,September,2020,5,Thursday,22,10:00pm-10:59pm,0,0,0,This section IS NOT on the NHS,6,Local Street - Municipality,NE 139TH AVE,,2,Urban,5,Major Collector,4,City or Municipal Highway Agency,0,,45.52436944,45.52436944,-122.52091944,-122.52091944,0,No Special Jurisdiction,8,Pedestrian,0,The First Harmful Event was Not a Collision with a Motor Vehicle in Transport,0,No,1,Non-Junction,1,Not an Intersection,0,,1,On Roadway,6,Dark - Unknown Lighting,98,Not Reported,0,No,0000000,Not Applicable,99,Unknown,99,Unknown,99,Unknown EMS Scene Arrival Hour,99,Unknown EMS Scene Arrival Minutes,99,Unknown,99,Unknown EMS Hospital Arrival Time,1,0
41,Oregon,410341,1,1,0,0,0,1,1,51,MULTNOMAH (51),880,GRESHAM,27,27,9,September,2020,1,Sunday,22,10:00pm-10:59pm,44,44,0,This section IS NOT on the NHS,6,Local Street - Municipality,SW HIGHLAND DR,,2,Urban,4,Minor Arterial,4,City or Municipal Highway Agency,0,,45.48789167,45.48789167,-122.47552222,-122.47552222,0,No Special Jurisdiction,25,Concrete Traffic Barrier,0,The First Harmful Event was Not a Collision with a Motor Vehicle in Transport,0,No,1,Non-Junction,1,Not an Intersection,0,,3,On Median,3,Dark - Lighted,10,Cloudy,0,No,0000000,Not Applicable,22,10:00pm-10:59pm,44,44,22,10:00pm-10:59pm,49,49,88,Not Applicable (Not Transported),88,Not Applicable (Not Transported),1,1
41,Oregon,410342,1,1,0,0,0,2,2,71,YAMHILL (71),0,NOT APPLICABLE,28,28,9,September,2020,2,Monday,16,4:00pm-4:59pm,7,7,0,This section IS NOT on the NHS,4,County Road,CR-BALLSTON RD,,1,Rural,5,Major Collector,2,County Highway Agency,5,5,45.07588333,45.07588333,-123.36058333,-123.36058333,0,No Special Jurisdiction,34,Ditch,0,The First Harmful Event was Not a Collision with a Motor Vehicle in Transport,0,No,1,Non-Junction,1,Not an Intersection,0,,4,On Roadside,1,Daylight,98,Not Reported,0,No,0000000,Not Applicable,99,Unknown,99,Unknown,99,Unknown EMS Scene Arrival Hour,99,Unknown EMS Scene Arrival Minutes,99,Unknown,99,Unknown EMS Hospital Arrival Time,1,1
41,Oregon,410343,2,2,0,1,1,3,3,33,JOSEPHINE (33),860,GRANTS PASS,3,3,10,October,2020,7,Saturday,20,8:00pm-8:59pm,41,41,1,This section IS ON the NHS,2,U.S. Highway,US-99 ODOT 25,,2,Urban,3,Principal Arterial - Other,1,State Highway Agency,8,8,42.42295556,42.42295556,-123.34341944,-123.34341944,0,No Special Jurisdiction,8,Pedestrian,0,The First Harmful Event was Not a Collision with a Motor Vehicle in Transport,0,No,1,Non-Junction,1,Not an Intersection,0,,1,On Roadway,2,Dark - Not Lighted,1,Clear,0,No,0000000,Not Applicable,99,Unknown,99,Unknown,99,Unknown EMS Scene Arrival Hour,99,Unknown EMS Scene Arrival Minutes,88,Not Applicable (Not Transported),88,Not Applicable (Not Transported),1,0
41,Oregon,410344,1,1,0,0,0,1,1,51,MULTNOMAH (51),0,NOT APPLICABLE,4,4,10,October,2020,1,Sunday,22,10:00pm-10:59pm,52,52,0,This section IS NOT on the NHS,4,County Road,CR-SW SCHOLLS FERRY RD,,2,Urban,4,Minor Arterial,2,County Highway Agency,0,,45.503825,45.503825,-122.73695,-122.73695,0,No Special Jurisdiction,1,Rollover/Overturn,0,The First Harmful Event was Not a Collision with a Motor Vehicle in Transport,0,No,1,Non-Junction,1,Not an Intersection,0,,1,On Roadway,6,Dark - Unknown Lighting,98,Not Reported,0,No,0000000,Not Applicable,99,Unknown,99,Unknown,99,Unknown EMS Scene Arrival Hour,99,Unknown EMS Scene Arrival Minutes,88,Not Applicable (Not Transported),88,Not Applicable (Not Transported),1,0
41,Oregon,410345,1,1,0,1,1,1,1,47,MARION (47),1810,SALEM,6,6,10,October,2020,3,Tuesday,16,4:00pm-4:59pm,50,50,0,This section IS NOT on the NHS,6,Local Street - Municipality,CHERRY AVE NE,,2,Urban,4,Minor Arterial,4,City or Municipal Highway Agency,0,,44.96481667,44.96481667,-123.01944167,-123.01944167,0,No Special Jurisdiction,9,Pedalcyclist,0,The First Harmful Event was Not a Collision with a Motor Vehicle in Transport,0,No,1,Non-Junction,1,Not an Intersection,0,,1,On Roadway,1,Daylight,1,Clear,0,No,0000000,Not Applicable,16,4:00pm-4:59pm,51,51,16,4:00pm-4:59pm,55,55,99,Unknown,99,Unknown EMS Hospital Arrival Time,1,0
41,Oregon,410346,1,1,0,0,0,1,1,51,MULTNOMAH (51),1650,PORTLAND,9,9,10,October,2020,6,Friday,5,5:00am-5:59am,55,55,0,This section IS NOT on the NHS,6,Local Street - Municipality,SW ARTHUR ST,SW 1ST AVE,2,Urban,4,Minor Arterial,4,City or Municipal Highway Agency,0,,45.50371111,45.50371111,-122.67868889,-122.67868889,0,No Special Jurisdiction,30,Utility Pole/Light Support,0,The First Harmful Event was Not a Collision with a Motor Vehicle in Transport,0,No,3,Intersection-Related,2,Four-Way Intersection,0,,4,On Roadside,6,Dark - Unknown Lighting,98,Not Reported,0,No,0000000,Not Applicable,99,Unknown,99,Unknown,99,Unknown EMS Scene Arrival Hour,99,Unknown EMS Scene Arrival Minutes,88,Not Applicable (Not Transported),88,Not Applicable (Not Transported),1,0
41,Oregon,410348,1,1,0,0,0,1,1,51,MULTNOMAH (51),880,GRESHAM,10,10,10,October,2020,7,Saturday,0,0:00am-0:59am,44,44,0,This section IS NOT on the NHS,6,Local Street - Municipality,NE KANE DR,,2,Urban,3,Principal Arterial - Other,4,City or Municipal Highway Agency,0,,45.51057222,45.51057222,-122.39998333,-122.39998333,0,No Special Jurisdiction,35,Embankment,0,The First Harmful Event was Not a Collision with a Motor Vehicle in Transport,0,No,1,Non-Junction,1,Not an Intersection,1,Construction,4,On Roadside,3,Dark - Lighted,2,Rain,0,No,0000000,Not Applicable,0,0:00am-0:59am,55,55,1,1:00am-1:59am,1,1,88,Not Applicable (Not Transported),88,Not Applicable (Not Transported),1,0
41,Oregon,410349,1,1,0,0,0,2,2,53,POLK (53),0,NOT APPLICABLE,13,13,10,October,2020,3,Tuesday,17,5:00pm-5:59pm,22,22,0,This section IS NOT on the NHS,4,County Road,CR-ZENA RD NW,,1,Rural,5,Major Collector,2,County Highway Agency,60,60,45.01539444,45.01539444,-123.10855278,-123.10855278,0,No Special Jurisdiction,34,Ditch,0,The First Harmful Event was Not a Collision with a Motor Vehicle in Transport,0,No,1,Non-Junction,1,Not an Intersection,0,,4,On Roadside,1,Daylight,10,Cloudy,0,No,0000000,Not Applicable,17,5:00pm-5:59pm,23,23,17,5:00pm-5:59pm,35,35,99,Unknown,99,Unknown EMS Hospital Arrival Time,1,1
41,Oregon,410350,1,1,0,1,1,1,1,15,CURRY (15),0,NOT APPLICABLE,13,13,10,October,2020,3,Tuesday,22,10:00pm-10:59pm,8,8,1,This section IS ON the NHS,2,U.S. Highway,US-101 ODOT 9,,2,Urban,3,Principal Arterial - Other,1,State Highway Agency,3586,3586,42.04955556,42.04955556,-124.25884167,-124.25884167,0,No Special Jurisdiction,8,Pedestrian,0,The First Harmful Event was Not a Collision with a Motor Vehicle in Transport,0,No,1,Non-Junction,1,Not an Intersection,0,,1,On Roadway,3,Dark - Lighted,5,"Fog, Smog, Smoke",0,No,0000000,Not Applicable,22,10:00pm-10:59pm,10,10,22,10:00pm-10:59pm,14,14,99,Unknown,99,Unknown EMS Hospital Arrival Time,1,0
41,Oregon,410351,2,2,0,0,0,2,2,19,DOUGLAS (19),0,NOT APPLICABLE,15,15,10,October,2020,5,Thursday,19,7:00pm-7:59pm,59,59,0,This section IS NOT on the NHS,4,County Road,CR-OLD HIGHWAY 99 N,,1,Rural,4,Minor Arterial,2,County Highway Agency,99999,Unknown,43.35452222,43.35452222,-123.32711667,-123.32711667,0,No Special Jurisdiction,12,Motor Vehicle In-Transport,2,Front-to-Front,0,No,1,Non-Junction,1,Not an Intersection,0,,1,On Roadway,2,Dark - Not Lighted,98,Not Reported,0,No,0000000,Not Applicable,19,7:00pm-7:59pm,59,59,20,8:00pm-8:59pm,16,16,99,Unknown,99,Unknown EMS Hospital Arrival Time,1,1
41,Oregon,410352,2,2,0,0,0,3,3,51,MULTNOMAH (51),2090,TROUTDALE,18,18,10,October,2020,1,Sunday,16,4:00pm-4:59pm,6,6,0,This section IS NOT on the NHS,2,U.S. Highway,US-100 ODOT 100,,2,Urban,5,Major Collector,1,State Highway Agency,4,4,45.53489722,45.53489722,-122.37134722,-122.37134722,0,No Special Jurisdiction,12,Motor Vehicle In-Transport,2,Front-to-Front,0,No,1,Non-Junction,1,Not an Intersection,0,,1,On Roadway,1,Daylight,1,Clear,0,No,0000000,Not Applicable,99,Unknown,99,Unknown,99,Unknown EMS Scene Arrival Hour,99,Unknown EMS Scene Arrival Minutes,88,Not Applicable (Not Transported),88,Not Applicable (Not Transported),2,0
41,Oregon,410353,1,1,0,0,0,1,1,51,MULTNOMAH (51),1650,PORTLAND,22,22,10,October,2020,5,Thursday,21,9:00pm-9:59pm,24,24,1,This section IS ON the NHS,1,Interstate,I-5,,2,Urban,1,Interstate,1,State Highway Agency,3051,3051,45.57305,45.57305,-122.67874444,-122.67874444,0,No Special Jurisdiction,59,Traffic Sign Support,0,The First Harmful Event was Not a Collision with a Motor Vehicle in Transport,0,No,1,Non-Junction,1,Not an Intersection,0,,4,On Roadside,8,Not Reported,98,Not Reported,0,No,0000000,Not Applicable,99,Unknown,99,Unknown,99,Unknown EMS Scene Arrival Hour,99,Unknown EMS Scene Arrival Minutes,88,Not Applicable (Not Transported),88,Not Applicable (Not Transported),1,0
41,Oregon,410354,1,1,0,0,0,1,1,39,LANE (39),0,NOT APPLICABLE,24,24,10,October,2020,7,Saturday,99,Unknown Hours,99,Unknown Minutes,1,This section IS ON the NHS,3,State Highway,SR-569 ODOT 69,,1,Rural,3,Principal Arterial - Other,1,State Highway Agency,4,4,44.05583611,44.05583611,-123.22446667,-123.22446667,0,No Special Jurisdiction,17,Boulder,0,The First Harmful Event was Not a Collision with a Motor Vehicle in Transport,0,No,1,Non-Junction,1,Not an Intersection,0,,4,On Roadside,9,Reported as Unknown,99,Reported as Unknown,0,No,0000000,Not Applicable,88,Not Applicable (Not Notified),88,Not Applicable (Not Notified),88,Not Applicable,88,Not Applicable,88,Not Applicable (Not Transported),88,Not Applicable (Not Transported),1,0
41,Oregon,410355,1,1,0,1,1,2,2,51,MULTNOMAH (51),0,NOT APPLICABLE,25,25,10,October,2020,1,Sunday,0,0:00am-0:59am,1,1,0,This section IS NOT on the NHS,4,County Road,CR-SE 282ND AVE,,2,Urban,4,Minor Arterial,2,County Highway Agency,0,,45.46558333,45.46558333,-122.37274722,-122.37274722,0,No Special Jurisdiction,8,Pedestrian,0,The First Harmful Event was Not a Collision with a Motor Vehicle in Transport,0,No,1,Non-Junction,1,Not an Intersection,0,,1,On Roadway,2,Dark - Not Lighted,1,Clear,0,No,0000000,Not Applicable,99,Unknown,99,Unknown,99,Unknown EMS Scene Arrival Hour,99,Unknown EMS Scene Arrival Minutes,88,Not Applicable (Not Transported),88,Not Applicable (Not Transported),1,0
41,Oregon,410356,1,1,0,1,1,1,1,15,CURRY (15),215,BROOKINGS,29,29,10,October,2020,5,Thursday,2,2:00am-2:59am,9,9,1,This section IS ON the NHS,2,U.S. Highway,US-101 ODOT 9,OAK ST,2,Urban,3,Principal Arterial - Other,1,State Highway Agency,3574,3574,42.05353056,42.05353056,-124.27832778,-124.27832778,0,No Special Jurisdiction,15,Non-Motorist on Personal Conveyance,0,The First Harmful Event was Not a Collision with a Motor Vehicle in Transport,0,No,3,Intersection-Related,2,Four-Way Intersection,0,,1,On Roadway,6,Dark - Unknown Lighting,98,Not Reported,0,No,0000000,Not Applicable,2,2:00am-2:59am,17,17,2,2:00am-2:59am,23,23,99,Unknown,99,Unknown EMS Hospital Arrival Time,1,0
41,Oregon,410357,2,2,0,0,0,3,3,3,BENTON (3),0,NOT APPLICABLE,30,30,10,October,2020,6,Friday,12,12:00pm-12:59pm,0,0,0,This section IS NOT on the NHS,4,County Road,CR-WEST HILLS RD,,2,Urban,4,Minor Arterial,2,County Highway Agency,13,13,44.55506111,44.55506111,-123.35532778,-123.35532778,0,No Special Jurisdiction,12,Motor Vehicle In-Transport,2,Front-to-Front,0,No,1,Non-Junction,1,Not an Intersection,0,,1,On Roadway,1,Daylight,2,Rain,0,No,0000000,Not Applicable,12,12:00pm-12:59pm,1,1,12,12:00pm-12:59pm,8,8,99,Unknown,99,Unknown EMS Hospital Arrival Time,1,0
41,Oregon,410358,2,2,0,0,0,3,3,51,MULTNOMAH (51),880,GRESHAM,31,31,10,October,2020,7,Saturday,22,10:00pm-10:59pm,3,3,1,This section IS ON the NHS,6,Local Street - Municipality,SE DIVISION ST,,2,Urban,3,Principal Arterial - Other,4,City or Municipal Highway Agency,0,,45.504575,45.504575,-122.47563611,-122.47563611,0,No Special Jurisdiction,12,Motor Vehicle In-Transport,98,Not Reported,0,No,98,Not Reported,98,Not Reported,0,,98,Not Reported,3,Dark - Lighted,98,Not Reported,0,No,0000000,Not Applicable,22,10:00pm-10:59pm,3,3,22,10:00pm-10:59pm,8,8,99,Unknown,99,Unknown EMS Hospital Arrival Time,1,1
41,Oregon,410359,1,1,0,0,0,3,3,47,MARION (47),0,NOT APPLICABLE,1,1,11,November,2020,1,Sunday,21,9:00pm-9:59pm,45,45,0,This section IS NOT on the NHS,4,County Road,CR-RIVER RD S,,1,Rural,4,Minor Arterial,2,County Highway Agency,25,25,44.86018611,44.86018611,-123.14605278,-123.14605278,0,No Special Jurisdiction,30,Utility Pole/Light Support,0,The First Harmful Event was Not a Collision with a Motor Vehicle in Transport,0,No,1,Non-Junction,1,Not an Intersection,0,,4,On Roadside,2,Dark - Not Lighted,10,Cloudy,0,No,0000000,Not Applicable,21,9:00pm-9:59pm,46,46,22,10:00pm-10:59pm,4,4,99,Unknown,99,Unknown EMS Hospital Arrival Time,1,0
41,Oregon,410360,3,3,0,0,0,5,5,7,CLATSOP (7),0,NOT APPLICABLE,4,4,11,November,2020,4,Wednesday,10,10:00am-10:59am,10,10,1,This section IS ON the NHS,2,U.S. Highway,US-101 ODOT 9,,2,Urban,3,Principal Arterial - Other,1,State Highway Agency,92,92,46.13515833,46.13515833,-123.92719167,-123.92719167,0,No Special Jurisdiction,12,Motor Vehicle In-Transport,8,Sideswipe - Opposite Direction,0,No,1,Non-Junction,1,Not an Intersection,0,,1,On Roadway,1,Daylight,10,Cloudy,0,No,0000000,Not Applicable,10,10:00am-10:59am,10,10,99,Unknown EMS Scene Arrival Hour,99,Unknown EMS Scene Arrival Minutes,99,Unknown,99,Unknown EMS Hospital Arrival Time,2,0
41,Oregon,410361,1,1,0,1,1,1,1,67,WASHINGTON (67),180,BEAVERTON,6,6,11,November,2020,6,Friday,6,6:00am-6:59am,6,6,0,This section IS NOT on the NHS,3,State Highway,SR-141 ODOT 141,,2,Urban,4,Minor Arterial,1,State Highway Agency,28,28,45.4572,45.4572,-122.78334722,-122.78334722,0,No Special Jurisdiction,8,Pedestrian,0,The First Harmful Event was Not a Collision with a Motor Vehicle in Transport,0,No,1,Non-Junction,1,Not an Intersection,0,,1,On Roadway,3,Dark - Lighted,2,Rain,0,No,0000000,Not Applicable,6,6:00am-6:59am,6,6,6,6:00am-6:59am,11,11,99,Unknown,99,Unknown EMS Hospital Arrival Time,1,0