STATE,STATENAME,ST_CASE,VE_TOTAL,VE_FORMS,PVH_INVL,PEDS,PERNOTMVIT,PERMVIT,PERSONS,COUNTY,COUNTYNAME,CITY,CITYNAME,DAY,DAYNAME,MONTH,MONTHNAME,YEAR,DAY_WEEK,DAY_WEEKNAME,HOUR,HOURNAME,MINUTE,MINUTENAME,NHS,NHSNAME,ROUTE,ROUTENAME,TWAY_ID,TWAY_ID2,RUR_URB,RUR_URBNAME,FUNC_SYS,FUNC_SYSNAME,RD_OWNER,RD_OWNERNAME,MILEPT,MILEPTNAME,LATITUDE,LATITUDENAME,LONGITUD,LONGITUDNAME,SP_JUR,SP_JURNAME,HARM_EV,HARM_EVNAME,MAN_COLL,MAN_COLLNAME,RELJCT1,RELJCT1NAME,RELJCT2,RELJCT2NAME,TYP_INT,TYP_INTNAME,WRK_ZONE,WRK_ZONENAME,REL_ROAD,REL_ROADNAME,LGT_COND,LGT_CONDNAME,WEATHER,WEATHERNAME,SCH_BUS,SCH_BUSNAME,RAIL,RAILNAME,NOT_HOUR,NOT_HOURNAME,NOT_MIN,NOT_MINNAME,ARR_HOUR,ARR_HOURNAME,ARR_MIN,ARR_MINNAME,HOSP_HR,HOSP_HRNAME,HOSP_MN,HOSP_MNNAME,FATALS,DRUNK_DR
41,Oregon,410362,1,1,0,1,1,2,2,71,YAMHILL (71),0,NOT APPLICABLE,7,7,11,November,2020,7,Saturday,21,9:00pm-9:59pm,0,0,0,This section IS NOT on the NHS,4,County Road,CR-SW DURHAM LN,,1,Rural,7,Local,2,County Highway Agency,0,,45.18016944,45.18016944,-123.22998889,-123.22998889,0,No Special Jurisdiction,8,Pedestrian,0,The First Harmful Event was Not a Collision with a Motor Vehicle in Transport,0,No,1,Non-Junction,1,Not an Intersection,0,,1,On Roadway,6,Dark - Unknown Lighting,1,Clear,0,No,0000000,Not Applicable,99,Unknown,99,Unknown,99,Unknown EMS Scene Arrival Hour,99,Unknown EMS Scene Arrival Minutes,88,Not Applicable (Not Transported),88,Not Applicable (Not Transported),1,0
41,Oregon,410363,1,1,0,0,0,1,1,47,MARION (47),0,NOT APPLICABLE,8,8,11,November,2020,1,Sunday,22,10:00pm-10:59pm,57,57,0,This section IS NOT on the NHS,3,State Highway,SR-214 ODOT 163,,1,Rural,5,Major Collector,1,State Highway Agency,371,371,44.98266111,44.98266111,-122.73258056,-122.73258056,0,No Special Jurisdiction,42,Tree (Standing Only),0,The First Harmful Event was Not a Collision with a Motor Vehicle in Transport,0,No,1,Non-Junction,1,Not an Intersection,0,,4,On Roadside,2,Dark - Not Lighted,1,Clear,0,No,0000000,Not Applicable,22,10:00pm-10:59pm,43,43,23,11:00pm-11:59pm,0,0,88,Not Applicable (Not Transported),88,Not Applicable (Not Transported),1,1
41,Oregon,410364,1,1,0,0,0,1,1,51,MULTNOMAH (51),0,NOT APPLICABLE,8,8,11,November,2020,1,Sunday,12,12:00pm-12:59pm,46,46,0,This section IS NOT on the NHS,4,County Road,CR-DODGE PARK BLVD,,1,Rural,5,Major Collector,2,County Highway Agency,0,,45.46785278,45.46785278,-122.29896944,-122.29896944,0,No Special Jurisdiction,35,Embankment,0,The First Harmful Event was Not a Collision with a Motor Vehicle in Transport,0,No,1,Non-Junction,1,Not an Intersection,0,,4,On Roadside,1,Daylight,98,Not Reported,0,No,0000000,Not Applicable,99,Unknown,99,Unknown,99,Unknown EMS Scene Arrival Hour,99,Unknown EMS Scene Arrival Minutes,88,Not Applicable (Not Transported),88,Not Applicable (Not Transported),1,1
41,Oregon,410365,1,1,0,1,1,1,1,51,MULTNOMAH (51),1650,PORTLAND,12,12,11,November,2020,5,Thursday,20,8:00pm-8:59pm,9,9,0,This section IS NOT on the NHS,6,Local Street - Municipality,E BURNSIDE ST,,2,Urban,5,Major Collector,4,City or Municipal Highway Agency,0,,45.52238889,45.52238889,-122.53713056,-122.53713056,0,No Special Jurisdiction,9,Pedalcyclist,0,The First Harmful Event was Not a Collision with a Motor Vehicle in Transport,0,No,1,Non-Junction,1,Not an Intersection,0,,1,On Roadway,8,Not Reported,98,Not Reported,0,No,0000000,Not Applicable,99,Unknown,99,Unknown,99,Unknown EMS Scene Arrival Hour,99,Unknown EMS Scene Arrival Minutes,88,Not Applicable (Not Transported),88,Not Applicable (Not Transported),1,0
41,Oregon,410366,1,1,0,0,0,1,1,33,JOSEPHINE (33),0,NOT APPLICABLE,17,17,11,November,2020,3,Tuesday,10,10:00am-10:59am,55,55,1,This section IS ON the NHS,2,U.S. Highway,US-199 ODOT 25,,1,Rural,3,Principal Arterial - Other,1,State Highway Agency,395,395,42.02628611,42.02628611,-123.73002222,-123.73002222,0,No Special Jurisdiction,42,Tree (Standing Only),0,The First Harmful Event was Not a Collision with a Motor Vehicle in Transport,0,No,1,Non-Junction,1,Not an Intersection,0,,4,On Roadside,1,Daylight,2,Rain,0,No,0000000,Not Applicable,11,11:00am-11:59am,0,0,11,11:00am-11:59am,8,8,88,Not Applicable (Not Transported),88,Not Applicable (Not Transported),1,0
41,Oregon,410367,1,1,0,1,1,1,1,51,MULTNOMAH (51),1650,PORTLAND,17,17,11,November,2020,3,Tuesday,18,6:00pm-6:59pm,50,50,0,This section IS NOT on the NHS,6,Local Street - Municipality,SE STARK ST,SE 160TH AVE,2,Urban,4,Minor Arterial,4,City or Municipal Highway Agency,0,,45.51914444,45.51914444,-122.49905556,-122.49905556,0,No Special Jurisdiction,8,Pedestrian,0,The First Harmful Event was Not a Collision with a Motor Vehicle in Transport,0,No,3,Intersection-Related,2,Four-Way Intersection,0,,98,Not Reported,8,Not Reported,98,Not Reported,0,No,0000000,Not Applicable,99,Unknown,99,Unknown,99,Unknown EMS Scene Arrival Hour,99,Unknown EMS Scene Arrival Minutes,99,Unknown,99,Unknown EMS Hospital Arrival Time,1,0
41,Oregon,410368,6,6,0,0,0,6,6,17,DESCHUTES (17),0,NOT APPLICABLE,19,19,11,November,2020,5,Thursday,17,5:00pm-5:59pm,14,14,1,This section IS ON the NHS,2,U.S. Highway,US-97 ODOT,,2,Urban,3,Principal Arterial - Other,1,State Highway Agency,1381,1381,44.05213333,44.05213333,-121.30703611,-121.30703611,0,No Special Jurisdiction,12,Motor Vehicle In-Transport,7,Sideswipe - Same Direction,0,No,1,Non-Junction,1,Not an Intersection,0,,1,On Roadway,3,Dark - Lighted,1,Clear,0,No,0000000,Not Applicable,99,Unknown,99,Unknown,99,Unknown EMS Scene Arrival Hour,99,Unknown EMS Scene Arrival Minutes,99,Unknown,99,Unknown EMS Hospital Arrival Time,1,0
41,Oregon,410369,1,1,0,1,1,1,1,5,CLACKAMAS (5),0,NOT APPLICABLE,19,19,11,November,2020,5,Thursday,18,6:00pm-6:59pm,20,20,0,This section IS NOT on the NHS,4,County Road,CR-S SOUTH END RD,,1,Rural,5,Major Collector,2,County Highway Agency,4,4,45.30394167,45.30394167,-122.65623889,-122.65623889,0,No Special Jurisdiction,8,Pedestrian,0,The First Harmful Event was Not a Collision with a Motor Vehicle in Transport,0,No,1,Non-Junction,1,Not an Intersection,0,,1,On Roadway,2,Dark - Not Lighted,10,Cloudy,0,No,0000000,Not Applicable,99,Unknown,99,Unknown,99,Unknown EMS Scene Arrival Hour,99,Unknown EMS Scene Arrival Minutes,88,Not Applicable (Not Transported),88,Not Applicable (Not Transported),1,0
41,Oregon,410370,1,1,0,0,0,1,1,51,MULTNOMAH (51),0,NOT APPLICABLE,20,20,11,November,2020,6,Friday,0,0:00am-0:59am,15,15,0,This section IS NOT on the NHS,2,U.S. Highway,US-30 ODOT 100,,2,Urban,5,Major Collector,1,State Highway Agency,19,19,45.51424722,45.51424722,-122.37081944,-122.37081944,0,No Special Jurisdiction,42,Tree (Standing Only),0,The First Harmful Event was Not a Collision with a Motor Vehicle in Transport,0,No,1,Non-Junction,1,Not an Intersection,0,,4,On Roadside,3,Dark - Lighted,3,Sleet or Hail,0,No,0000000,Not Applicable,99,Unknown,99,Unknown,99,Unknown EMS Scene Arrival Hour,99,Unknown EMS Scene Arrival Minutes,88,Not Applicable (Not Transported),88,Not Applicable (Not Transported),1,0
41,Oregon,410371,2,2,0,0,0,2,2,19,DOUGLAS (19),1780,ROSEBURG,21,21,11,November,2020,7,Saturday,14,2:00pm-2:59pm,32,32,0,This section IS NOT on the NHS,6,Local Street - Municipality,NW BROAD ST,I-5 RAMP,2,Urban,4,Minor Arterial,4,City or Municipal Highway Agency,1263,1263,43.24613611,43.24613611,-123.36143056,-123.36143056,0,No Special Jurisdiction,12,Motor Vehicle In-Transport,6,Angle,1,Yes,2,Intersection,3,T-Intersection,0,,1,On Roadway,1,Daylight,1,Clear,0,No,0000000,Not Applicable,99,Unknown,99,Unknown,99,Unknown EMS Scene Arrival Hour,99,Unknown EMS Scene Arrival Minutes,99,Unknown,99,Unknown EMS Hospital Arrival Time,1,0
41,Oregon,410372,2,2,0,0,0,5,5,51,MULTNOMAH (51),880,GRESHAM,22,22,11,November,2020,1,Sunday,17,5:00pm-5:59pm,35,35,0,This section IS NOT on the NHS,6,Local Street - Municipality,NE MARINE DR,,2,Urban,5,Major Collector,4,City or Municipal Highway Agency,0,,45.55767222,45.55767222,-122.45885556,-122.45885556,0,No Special Jurisdiction,12,Motor Vehicle In-Transport,2,Front-to-Front,0,No,1,Non-Junction,1,Not an Intersection,0,,1,On Roadway,2,Dark - Not Lighted,1,Clear,0,No,0000000,Not Applicable,99,Unknown,99,Unknown,99,Unknown EMS Scene Arrival Hour,99,Unknown EMS Scene Arrival Minutes,99,Unknown,99,Unknown EMS Hospital Arrival Time,2,1
41,Oregon,410373,2,2,0,0,0,4,4,51,MULTNOMAH (51),1650,PORTLAND,22,22,11,November,2020,1,Sunday,20,8:00pm-8:59pm,6,6,1,This section IS ON the NHS,6,Local Street - Municipality,SE DIVISION ST,,2,Urban,3,Principal Arterial - Other,4,City or Municipal Highway Agency,0,,45.50404444,45.50404444,-122.52315,-122.52315,0,No Special Jurisdiction,12,Motor Vehicle In-Transport,6,Angle,0,No,8,Driveway Access Related,1,Not an Intersection,0,,1,On Roadway,3,Dark - Lighted,2,Rain,0,No,0000000,Not Applicable,8,8:00am-8:59am,7,7,99,Unknown EMS Scene Arrival Hour,99,Unknown EMS Scene Arrival Minutes,99,Unknown,99,Unknown EMS Hospital Arrival Time,2,0
41,Oregon,410374,1,1,0,1,1,1,1,17,DESCHUTES (17),0,NOT APPLICABLE,25,25,11,November,2020,4,Wednesday,14,2:00pm-2:59pm,10,10,0,This section IS NOT on the NHS,4,County Road,CR-ODIN FALLS WAY,,1,Rural,7,Local,2,County Highway Agency,0,,44.32183889,44.32183889,-121.23416389,-121.23416389,0,No Special Jurisdiction,8,Pedestrian,0,The First Harmful Event was Not a Collision with a Motor Vehicle in Transport,0,No,1,Non-Junction,1,Not an Intersection,0,,1,On Roadway,1,Daylight,98,Not Reported,0,No,0000000,Not Applicable,99,Unknown,99,Unknown,99,Unknown EMS Scene Arrival Hour,99,Unknown EMS Scene Arrival Minutes,88,Not Applicable (Not Transported),88,Not Applicable (Not Transported),1,0
41,Oregon,410375,2,2,0,0,0,2,2,47,MARION (47),1810,SALEM,25,25,11,November,2020,4,Wednesday,8,8:00am-8:59am,41,41,1,This section IS ON the NHS,6,Local Street - Municipality,PORTLAND RD NE,HWY AVE NE,2,Urban,3,Principal Arterial - Other,4,City or Municipal Highway Agency,0,,44.96791944,44.96791944,-123.00798056,-123.00798056,0,No Special Jurisdiction,12,Motor Vehicle In-Transport,6,Angle,0,No,2,Intersection,3,T-Intersection,0,,1,On Roadway,1,Daylight,1,Clear,0,No,0000000,Not Applicable,8,8:00am-8:59am,42,42,8,8:00am-8:59am,47,47,99,Unknown,99,Unknown EMS Hospital Arrival Time,1,0
41,Oregon,410376,3,3,0,0,0,5,5,71,YAMHILL (71),0,NOT APPLICABLE,30,30,11,November,2020,2,Monday,11,11:00am-11:59am,35,35,1,This section IS ON the NHS,3,State Highway,SR-18 ODOT 39,,1,Rural,3,Principal Arterial - Other,1,State Highway Agency,335,335,45.08380556,45.08380556,-123.41779444,-123.41779444,0,No Special Jurisdiction,12,Motor Vehicle In-Transport,2,Front-to-Front,0,No,1,Non-Junction,1,Not an Intersection,0,,1,On Roadway,1,Daylight,2,Rain,0,No,0000000,Not Applicable,11,11:00am-11:59am,35,35,11,11:00am-11:59am,40,40,99,Unknown,99,Unknown EMS Hospital Arrival Time,1,0
41,Oregon,410377,1,1,0,1,1,1,1,47,MARION (47),1810,SALEM,4,4,12,December,2020,6,Friday,17,5:00pm-5:59pm,15,15,1,This section IS ON the NHS,6,Local Street - Municipality,MARKET ST NE,BAKER ST NE,2,Urban,3,Principal Arterial - Other,4,City or Municipal Highway Agency,0,,44.94893333,44.94893333,-123.01971667,-123.01971667,0,No Special Jurisdiction,15,Non-Motorist on Personal Conveyance,0,The First Harmful Event was Not a Collision with a Motor Vehicle in Transport,0,No,3,Intersection-Related,3,T-Intersection,0,,1,On Roadway,2,Dark - Not Lighted,1,Clear,0,No,0000000,Not Applicable,17,5:00pm-5:59pm,15,15,17,5:00pm-5:59pm,19,19,88,Not Applicable (Not Transported),88,Not Applicable (Not Transported),1,0
41,Oregon,410378,1,1,0,1,1,1,1,51,MULTNOMAH (51),1650,PORTLAND,4,4,12,December,2020,6,Friday,16,4:00pm-4:59pm,44,44,1,This section IS ON the NHS,6,Local Street - Municipality,NE MARTIN LUTHER KING JR BLVD,,2,Urban,3,Principal Arterial - Other,1,State Highway Agency,51,51,45.59584167,45.59584167,-122.66991667,-122.66991667,0,No Special Jurisdiction,9,Pedalcyclist,0,The First Harmful Event was Not a Collision with a Motor Vehicle in Transport,0,No,1,Non-Junction,1,Not an Intersection,0,,1,On Roadway,2,Dark - Not Lighted,1,Clear,0,No,0000000,Not Applicable,16,4:00pm-4:59pm,44,44,16,4:00pm-4:59pm,52,52,88,Not Applicable (Not Transported),88,Not Applicable (Not Transported),1,0
41,Oregon,410380,2,2,0,0,0,5,5,51,MULTNOMAH (51),1650,PORTLAND,12,12,12,December,2020,7,Saturday,22,10:00pm-10:59pm,42,42,1,This section IS ON the NHS,6,Local Street - Municipality,NE HALSEY ST,,2,Urban,3,Principal Arterial - Other,4,City or Municipal Highway Agency,0,,45.53401944,45.53401944,-122.49683333,-122.49683333,0,No Special Jurisdiction,12,Motor Vehicle In-Transport,98,Not Reported,0,No,1,Non-Junction,1,Not an Intersection,0,,1,On Roadway,8,Not Reported,98,Not Reported,0,No,0000000,Not Applicable,99,Unknown,99,Unknown,99,Unknown EMS Scene Arrival Hour,99,Unknown EMS Scene Arrival Minutes,99,Unknown,99,Unknown EMS Hospital Arrival Time,2,1
41,Oregon,410381,1,1,0,1,1,1,1,51,MULTNOMAH (51),1650,PORTLAND,16,16,12,December,2020,4,Wednesday,20,8:00pm-8:59pm,30,30,1,This section IS ON the NHS,3,State Highway,SR-99 ODOT 81,SW 30TH AVE,2,Urban,3,Principal Arterial - Other,1,State Highway Agency,0,,45.45988889,45.45988889,-122.70774167,-122.70774167,0,No Special Jurisdiction,15,Non-Motorist on Personal Conveyance,0,The First Harmful Event was Not a Collision with a Motor Vehicle in Transport,0,No,3,Intersection-Related,2,Four-Way Intersection,0,,1,On Roadway,3,Dark - Lighted,10,Cloudy,0,No,0000000,Not Applicable,99,Unknown,99,Unknown,99,Unknown EMS Scene Arrival Hour,99,Unknown EMS Scene Arrival Minutes,99,Unknown,99,Unknown EMS Hospital Arrival Time,1,0
41,Oregon,410382,2,2,0,0,0,2,2,51,MULTNOMAH (51),670,FAIRVIEW,17,17,12,December,2020,5,Thursday,7,7:00am-7:59am,3,3,1,This section IS ON the NHS,6,Local Street - Municipality,NE GLISAN ST,,2,Urban,3,Principal Arterial - Other,4,City or Municipal Highway Agency,0,,45.52757778,45.52757778,-122.45162778,-122.45162778,0,No Special Jurisdiction,12,Motor Vehicle In-Transport,2,Front-to-Front,0,No,1,Non-Junction,1,Not an Intersection,0,,1,On Roadway,8,Not Reported,98,Not Reported,0,No,0000000,Not Applicable,99,Unknown,99,Unknown,99,Unknown EMS Scene Arrival Hour,99,Unknown EMS Scene Arrival Minutes,88,Not Applicable (Not Transported),88,Not Applicable (Not Transported),2,1
41,Oregon,410384,2,2,0,0,0,2,2,59,UMATILLA (59),0,NOT APPLICABLE,22,22,12,December,2020,3,Tuesday,20,8:00pm-8:59pm,36,36,0,This section IS NOT on the NHS,4,County Road,CR-JOY LN,CR-SAGEBRUSH RD,2,Urban,7,Local,2,County Highway Agency,10,10,45.87189167,45.87189167,-119.28645,-119.28645,0,No Special Jurisdiction,12,Motor Vehicle In-Transport,6,Angle,0,No,2,Intersection,2,Four-Way Intersection,0,,1,On Roadway,3,Dark - Lighted,1,Clear,0,No,0000000,Not Applicable,20,8:00pm-8:59pm,35,35,20,8:00pm-8:59pm,42,42,99,Unknown,99,Unknown EMS Hospital Arrival Time,1,0
41,Oregon,410385,1,1,0,1,1,1,1,51,MULTNOMAH (51),1650,PORTLAND,23,23,12,December,2020,4,Wednesday,20,8:00pm-8:59pm,39,39,1,This section IS ON the NHS,6,Local Street - Municipality,NE HALSEY ST,,2,Urban,3,Principal Arterial - Other,4,City or Municipal Highway Agency,0,,45.53355833,45.53355833,-122.54042778,-122.54042778,0,No Special Jurisdiction,8,Pedestrian,0,The First Harmful Event was Not a Collision with a Motor Vehicle in Transport,0,No,1,Non-Junction,1,Not an Intersection,0,,2,On Shoulder,6,Dark - Unknown Lighting,98,Not Reported,0,No,0000000,Not Applicable,99,Unknown,99,Unknown,99,Unknown EMS Scene Arrival Hour,99,Unknown EMS Scene Arrival Minutes,99,Unknown,99,Unknown EMS Hospital Arrival Time,1,0
41,Oregon,410386,2,2,0,0,0,2,2,17,DESCHUTES (17),0,NOT APPLICABLE,24,24,12,December,2020,5,Thursday,9,9:00am-9:59am,7,7,0,This section IS NOT on the NHS,4,County Road,CR-PERSHALL WAY,,2,Urban,5,Major Collector,2,County Highway Agency,0,,44.31168611,44.31168611,-121.17691389,-121.17691389,0,No Special Jurisdiction,12,Motor Vehicle In-Transport,2,Front-to-Front,0,No,1,Non-Junction,1,Not an Intersection,0,,1,On Roadway,1,Daylight,1,Clear,0,No,0000000,Not Applicable,9,9:00am-9:59am,7,7,9,9:00am-9:59am,11,11,99,Unknown,99,Unknown EMS Hospital Arrival Time,2,1
41,Oregon,410387,1,1,0,0,0,2,2,59,UMATILLA (59),0,NOT APPLICABLE,25,25,12,December,2020,6,Friday,15,3:00pm-3:59pm,6,6,1,This section IS ON the NHS,2,U.S. Highway,US-395 ODOT 28,,1,Rural,3,Principal Arterial - Other,1,State Highway Agency,530,530,45.10188889,45.10188889,-118.98611111,-118.98611111,0,No Special Jurisdiction,1,Rollover/Overturn,0,The First Harmful Event was Not a Collision with a Motor Vehicle in Transport,0,No,1,Non-Junction,1,Not an Intersection,0,,4,On Roadside,1,Daylight,4,Snow,0,No,0000000,Not Applicable,15,3:00pm-3:59pm,6,6,15,3:00pm-3:59pm,40,40,88,Not Applicable (Not Transported),88,Not Applicable (Not Transported),2,0
41,Oregon,410388,2,2,0,0,0,4,4,47,MARION (47),0,NOT APPLICABLE,28,28,12,December,2020,2,Monday,11,11:00am-11:59am,38,38,1,This section IS ON the NHS,4,County Road,CR-SILVERTON RD NE,CR- BRUSH CREEK DR NE,1,Rural,3,Principal Arterial - Other,2,County Highway Agency,0,,44.99430556,44.99430556,-122.82483889,-122.82483889,0,No Special Jurisdiction,12,Motor Vehicle In-Transport,6,Angle,0,No,2,Intersection,2,Four-Way Intersection,0,,1,On Roadway,1,Daylight,1,Clear,0,No,0000000,Not Applicable,11,11:00am-11:59am,39,39,11,11:00am-11:59am,43,43,99,Unknown,99,Unknown EMS Hospital Arrival Time,1,0
41,Oregon,410389,1,1,0,1,1,1,1,51,MULTNOMAH (51),1650,PORTLAND,31,31,12,December,2020,5,Thursday,19,7:00pm-7:59pm,36,36,0,This section IS NOT on the NHS,6,Local Street - Municipality,SE 122ND AVE,,2,Urban,4,Minor Arterial,4,City or Municipal Highway Agency,0,,45.50037778,45.50037778,-122.53765278,-122.53765278,0,No Special Jurisdiction,8,Pedestrian,0,The First Harmful Event was Not a Collision with a Motor Vehicle in Transport,0,No,1,Non-Junction,1,Not an Intersection,0,,1,On Roadway,3,Dark - Lighted,2,Rain,0,No,0000000,Not Applicable,99,Unknown,99,Unknown,99,Unknown EMS Scene Arrival Hour,99,Unknown EMS Scene Arrival Minutes,88,Not Applicable (Not Transported),88,Not Applicable (Not Transported),1,0
41,Oregon,410390,2,2,0,0,0,2,2,61,UNION (61),0,NOT APPLICABLE,30,30,12,December,2020,4,Wednesday,8,8:00am-8:59am,58,58,1,This section IS ON the NHS,3,State Highway,SR-203 ODOT 66,CR-MCALISTER RD,2,Urban,3,Principal Arterial - Other,1,State Highway Agency,49,49,45.29942222,45.29942222,-118.04510833,-118.04510833,0,No Special Jurisdiction,12,Motor Vehicle In-Transport,2,Front-to-Front,0,No,3,Intersection-Related,2,Four-Way Intersection,0,,1,On Roadway,1,Daylight,4,Snow,0,No,0000000,Not Applicable,8,8:00am-8:59am,58,58,9,9:00am-9:59am,4,4,99,Unknown,99,Unknown EMS Hospital Arrival Time,1,0
41,Oregon,410392,2,2,0,0,0,10,10,41,LINCOLN (41),0,NOT APPLICABLE,31,31,12,December,2020,5,Thursday,14,2:00pm-2:59pm,41,41,1,This section IS ON the NHS,3,State Highway,SR-18 ODOT 39,,1,Rural,3,Principal Arterial - Other,1,State Highway Agency,97,97,45.03868611,45.03868611,-123.80925833,-123.80925833,0,No Special Jurisdiction,12,Motor Vehicle In-Transport,6,Angle,0,No,8,Driveway Access Related,1,Not an Intersection,0,,1,On Roadway,1,Daylight,2,Rain,0,No,0000000,Not Applicable,14,2:00pm-2:59pm,14,14,14,2:00pm-2:59pm,57,57,99,Unknown,99,Unknown EMS Hospital Arrival Time,1,0
41,Oregon,410394,1,1,0,0,0,1,1,51,MULTNOMAH (51),880,GRESHAM,12,12,12,December,2020,7,Saturday,23,11:00pm-11:59pm,18,18,0,This section IS NOT on the NHS,6,Local Street - Municipality,SW LINNEMAN AVE,,2,Urban,7,Local,4,City or Municipal Highway Agency,0,,45.48619444,45.48619444,-122.47537222,-122.47537222,0,No Special Jurisdiction,42,Tree (Standing Only),0,The First Harmful Event was Not a Collision with a Motor Vehicle in Transport,0,No,1,Non-Junction,1,Not an Intersection,0,,4,On Roadside,3,Dark - Lighted,2,Rain,0,No,0000000,Not Applicable,99,Unknown,99,Unknown,99,Unknown EMS Scene Arrival Hour,99,Unknown EMS Scene Arrival Minutes,99,Unknown,99,Unknown EMS Hospital Arrival Time,1,0
41,Oregon,410395,2,2,0,0,0,7,7,51,MULTNOMAH (51),880,GRESHAM,6,6,11,November,2020,6,Friday,20,8:00pm-8:59pm,50,50,0,This section IS NOT on the NHS,6,Local Street - Municipality,SE BUTLER RD,,2,Urban,7,Local,3,Town or Township Highway Agency,0,,45.47000833,45.47000833,-122.43545556,-122.43545556,0,No Special Jurisdiction,12,Motor Vehicle In-Transport,2,Front-to-Front,0,No,1,Non-Junction,1,Not an Intersection,0,,1,On Roadway,3,Dark - Lighted,2,Rain,0,No,0000000,Not Applicable,99,Unknown,99,Unknown,99,Unknown EMS Scene Arrival Hour,99,Unknown EMS Scene Arrival Minutes,99,Unknown,99,Unknown EMS Hospital Arrival Time,3,0
41,Oregon,410396,2,2,0,0,0,3,3,47,MARION (47),0,NOT APPLICABLE,7,7,11,November,2020,7,Saturday,3,3:00am-3:59am,32,32,0,This section IS NOT on the NHS,3,State Highway,SR-99 ODOT 81,,1,Rural,4,Minor Arterial,1,State Highway Agency,355,355,45.11047222,45.11047222,-122.88078889,-122.88078889,0,No Special Jurisdiction,12,Motor Vehicle In-Transport,2,Front-to-Front,0,No,1,Non-Junction,1,Not an Intersection,0,,1,On Roadway,2,Dark - Not Lighted,5,"Fog, Smog, Smoke",0,No,0000000,Not Applicable,3,3:00am-3:59am,32,32,3,3:00am-3:59am,57,57,99,Unknown,99,Unknown EMS Hospital Arrival Time,1,0
41,Oregon,410397,2,2,0,0,0,3,3,7,CLATSOP (7),0,NOT APPLICABLE,7,7,11,November,2020,7,Saturday,11,11:00am-11:59am,20,20,0,This section IS NOT on the NHS,4,County Road,CR-NICOLAI RIDGE RD,,1,Rural,7,Local,2,County Highway Agency,25,25,46.07617778,46.07617778,-123.43804167,-123.43804167,0,No Special Jurisdiction,12,Motor Vehicle In-Transport,2,Front-to-Front,0,No,1,Non-Junction,1,Not an Intersection,0,,1,On Roadway,1,Daylight,2,Rain,0,No,0000000,Not Applicable,11,11:00am-11:59am,22,22,11,11:00am-11:59am,40,40,88,Not Applicable (Not Transported),88,Not Applicable (Not Transported),1,0
41,Oregon,410398,3,3,0,0,0,8,8,35,KLAMATH (35),0,NOT APPLICABLE,8,8,11,November,2020,1,Sunday,9,9:00am-9:59am,42,42,1,This section IS ON the NHS,2,U.S. Highway,US-97 ODOT 4,,1,Rural,3,Principal Arterial - Other,1,State Highway Agency,1815,1815,43.51585278,43.51585278,-121.65296389,-121.65296389,0,No Special Jurisdiction,12,Motor Vehicle In-Transport,2,Front-to-Front,0,No,1,Non-Junction,1,Not an Intersection,0,,1,On Roadway,1,Daylight,10,Cloudy,0,No,0000000,Not Applicable,10,10:00am-10:59am,4,4,10,10:00am-10:59am,12,12,99,Unknown,99,Unknown EMS Hospital Arrival Time,1,0
41,Oregon,410399,1,1,0,1,1,1,1,51,MULTNOMAH (51),1650,PORTLAND,4,4,9,September,2020,6,Friday,18,6:00pm-6:59pm,40,40,0,This section IS NOT on the NHS,6,Local Street - Municipality,SE STARK ST,,2,Urban,4,Minor Arterial,4,City or Municipal Highway Agency,0,,45.51918333,45.51918333,-122.47973889,-122.47973889,0,No Special Jurisdiction,8,Pedestrian,0,The First Harmful Event was Not a Collision with a Motor Vehicle in Transport,0,No,1,Non-Junction,1,Not an Intersection,0,,98,Not Reported,8,Not Reported,98,Not Reported,0,No,0000000,Not Applicable,99,Unknown,99,Unknown,99,Unknown EMS Scene Arrival Hour,99,Unknown EMS Scene Arrival Minutes,88,Not Applicable (Not Transported),88,Not Applicable (Not Transported),1,0
41,Oregon,410400,1,1,0,1,1,1,1,3,BENTON (3),420,CORVALLIS,2,2,10,October,2020,6,Friday,17,5:00pm-5:59pm,15,15,1,This section IS ON the NHS,3,State Highway,SR-99W ODOT 81,,1,Rural,3,Principal Arterial - Other,1,State Highway Agency,99998,Not Reported,44.43837222,44.43837222,-123.27707222,-123.27707222,0,No Special Jurisdiction,8,Pedestrian,0,The First Harmful Event was Not a Collision with a Motor Vehicle in Transport,0,No,1,Non-Junction,1,Not an Intersection,0,,1,On Roadway,6,Dark - Unknown Lighting,98,Not Reported,0,No,0000000,Not Applicable,99,Unknown,99,Unknown,99,Unknown EMS Scene Arrival Hour,99,Unknown EMS Scene Arrival Minutes,99,Unknown,99,Unknown EMS Hospital Arrival Time,1,0